v    10.684575    15.686440   218.794972
v    70.905575   -11.959790   206.687992
v    13.871235    76.214070   207.563862
v   -67.906835     4.323700   206.013112
v   -11.575015   -71.791090   208.027732
v   132.827495    -4.596530   165.251342
v    91.659865    97.024060   164.275032
v    -4.243495   141.515290   169.759092
v   -95.733345    95.731160   170.035992
v  -129.337815   -16.114930   160.359162
v   -97.540505   -94.289420   166.917382
v    -0.347015  -135.654040   165.653782
v    95.757025   -94.300870   168.398292
v   176.250355    -3.679530   118.097902
v   149.712855    88.508150   121.262512
v    86.578485   159.998870   117.326872
v    16.979125   184.755930   119.312932
v   -90.027525   157.514020   119.788212
v  -156.945485    86.765960   119.644542
v  -175.081825     5.368930   113.286842
v  -156.112245   -85.745240   117.384712
v   -87.875665  -160.580310   116.746652
v     6.850345  -185.414980   118.035392
v    88.878135  -157.827400   120.440862
v   157.079955   -89.205830   119.591762
v   202.755395    13.017720    64.872262
v   186.841825    81.629630    53.229872
v   143.125835   148.381720    55.906442
v    82.085875   198.581200    57.404042
v     2.248965   211.712200    63.822382
v   -86.874065   196.532560    56.899772
v  -149.210215   146.619640    57.730312
v  -189.758795    80.617130    60.152322
v  -205.805015    -3.761090    55.617392
v  -190.111825   -83.328470    58.924062
v  -151.069435  -154.323390    53.050572
v   -82.348225  -198.523100    57.270342
v     1.822265  -216.860930    59.827232
v    76.905345  -194.486290    56.211492
v   154.605285  -144.751430    56.455852
v   191.745535   -82.269420    56.677132
v   213.761125    18.615990     7.710422
v   203.092795    71.437900   -10.263648
v   172.730935   123.861950    15.185022
v   129.568865   180.042320    -7.782638
v    71.452795   212.657230    21.620882
v     4.378325   222.970360    -0.608338
v   -71.030135   211.215760    -3.066908
v  -131.851675   179.835620    -0.434658
v  -177.786605   132.456590    -0.064638
v  -206.828415    62.142560   -17.788498
v  -212.905035     9.549090    -3.564418
v  -202.549395   -62.798910     9.370012
v  -179.790095  -133.491280     5.970482
v  -128.057635  -178.673470    -4.381148
v   -65.573135  -216.184640    -4.326808
v     4.168375  -229.626670    -1.871748
v    66.406935  -212.622810     5.787852
v   129.935685  -176.169530     3.651622
v   180.651585  -123.733160   -26.800498
v   209.195985   -70.033530     6.116532
v   211.037345     4.951220   -60.025388
v   190.678205    74.538690   -61.504678
v   150.191995   152.243120   -69.882268
v    76.859455   198.287130   -58.627548
v    -1.452445   217.949370   -62.473228
v   -79.396095   201.069780   -63.437938
v  -150.220615   149.322490   -56.318448
v  -194.276895    85.508010   -59.008048
v  -203.546865   -17.280040   -62.119098
v  -191.992275   -78.484950   -68.125698
v  -144.496905  -149.147710   -61.376648
v   -78.576935  -200.039400   -62.004318
v    -7.620055  -219.489620   -59.802418
v    75.544005  -197.130620   -58.883968
v   151.536895  -146.625210   -61.101908
v   193.818695   -81.159620   -63.203498
v   181.898365    13.125720  -123.041518
v   162.107575    87.272670  -118.875598
v    88.147235   162.895330  -117.523158
v     3.559915   192.090830  -121.109548
v   -93.290785   162.712770  -120.620468
v  -154.970045    96.970690  -119.480488
v  -177.308325     5.983830  -119.365418
v  -152.606815   -91.180800  -121.894358
v   -88.637915  -160.018030  -120.011878
v    -1.577565  -186.203190  -119.330158
v    90.881945  -160.866110  -120.925188
v   156.817585   -85.867220  -121.532698
v   139.839615    -7.064600  -165.842108
v    95.931595    97.819850  -164.316828
v    17.927295   144.151740  -162.933978
v   -91.524655    97.041770  -168.234188
v  -129.720815     1.452260  -170.704078
v   -91.844305   -93.756330  -174.922288
v   -10.841625  -139.498360  -167.682098
v    97.711315   -95.574670  -166.388048
v    71.547785     0.011490  -195.461748
v    -0.014605    75.574140  -194.222148
v   -69.849895     0.011490  -199.400148
v    -0.014605   -73.991010  -199.408558
v    -0.014605     0.011490  -207.125538
v    43.091385     6.739440   215.852582
v    49.899025    38.964440   210.029242
v    14.662025    49.318990   215.929202
v   -31.517855    48.362290   210.388872
v   -26.314825    14.881190   215.515142
v   -46.250595   -38.064600   210.356872
v     1.938895   -24.683590   216.161142
v    35.904325   -47.625490   210.902482
v   104.446005    -9.116980   187.343012
v   116.632135    47.931960   167.409732
v    85.315485    42.178470   189.013512
v    53.474675    88.890860   189.858452
v    46.947295   125.551310   169.563212
v     4.009725   111.768450   190.474632
v   -52.904575   124.496630   173.259032
v   -41.652995    90.182220   193.162252
v   -83.224025    49.554050   191.429652
v  -117.711875    41.721170   167.916652
v  -102.017125    -7.002080   184.922902
v  -118.044105   -58.111180   166.159422
v   -86.841185   -47.215040   190.012882
v   -56.109155   -85.406710   191.532152
v   -53.159935  -119.959430   169.144592
v    -7.118055  -106.499230   188.640562
v    49.822785  -119.450740   170.081002
v    42.130885   -87.277560   192.091142
v    84.810705   -55.170120   191.459522
v   120.229025   -53.130230   169.588922
v   157.132625    -4.538430   143.265782
v   165.867755    42.162680   122.732492
v   143.709925    44.332590   147.323132
v   123.606145    94.773470   144.001552
v   121.743215   128.663280   119.166482
v    89.412355   132.439380   142.410912
v    44.185555   153.886580   147.364882
v    53.322445   176.292250   121.726522
v     6.323405   165.807540   145.889172
v   -37.283815   174.852370   122.877282
v   -48.724865   152.541160   149.298802
v   -96.182315   130.293730   146.810612
v  -128.753485   126.399570   120.191232
v  -130.060655    91.580950   145.948692
v  -145.559075    37.319620   143.710082
v  -168.614295    45.883360   119.417992
v  -154.824785    -5.622920   137.761882
v  -168.131365   -41.241030   118.370442
v  -145.257915   -53.064140   142.426232
v  -129.700995   -93.080480   143.199722
v  -127.332435  -127.221670   117.082492
v   -94.675195  -129.804380   143.300292
v   -45.771755  -151.027550   145.191892
v   -40.803265  -176.460670   120.728462
v     4.048145  -163.273030   143.138702
v    48.170625  -174.724330   122.485522
v    47.457635  -149.797240   147.266422
v    94.429515  -128.840630   145.940222
v   128.055625  -127.236520   120.322992
v   130.001725   -93.573640   145.487972
v   147.654195   -49.353910   146.547672
v   169.912835   -48.095590   121.872542
v   191.706325     4.460730    91.269932
v   196.923965    47.420520    61.267082
v   183.653155    42.518550    90.077922
v   170.954275    85.031330    87.429132
v   167.937685   116.110460    55.892422
v   148.124215   122.473480    88.767342
v   117.969805   156.494370    87.135002
v   114.403975   177.353970    54.716662
v    85.847005   182.208670    87.122092
v    53.086175   194.484690    92.196732
v    43.900275   207.833520    66.376302
v    10.006025   200.759820    91.159012
v   -41.673635   206.685200    63.414632
v   -36.753125   193.205950    92.628702
v   -87.944815   179.836470    88.688182
v  -121.278075   175.023840    57.113062
v  -124.133935   153.811170    89.129452
v  -155.236075   120.312730    89.849092
v  -172.983405   115.744920    59.868612
v  -176.157435    85.047540    90.957292
v  -184.950135    45.991950    91.326392
v  -199.965525    37.884740    59.907562
v  -192.816845     0.878500    85.128722
v  -199.668275   -42.941600    61.791042
v  -185.083615   -40.780610    89.532582
v  -176.100415   -84.410190    87.966972
v  -174.692755  -121.237080    56.324032
v  -155.809605  -123.539410    85.916192
v  -123.437215  -159.720250    85.148222
v  -119.282875  -179.871010    54.511612
v   -85.513625  -183.025840    87.480802
v   -39.884595  -195.146270    92.084262
v   -39.589525  -210.450460    62.266632
v     4.090345  -203.506670    89.006172
v    39.225555  -208.309240    62.146392
v    44.527205  -193.106160    91.161472
v    84.080485  -178.901610    88.411312
v   117.773495  -172.654000    57.200342
v   125.081115  -153.552570    89.788592
v   158.361525  -120.640660    89.444852
v   177.484565  -115.501690    54.357892
v   177.552465   -86.702110    88.981242
v   186.305185   -45.016610    92.643372
v   199.418005   -35.584320    66.088902
v   209.974445    18.224730    37.613092
v   210.331145    49.505400     1.169382
v   204.655835    49.652110    30.490022
v   196.727985    79.518470    22.159162
v   190.425095    97.349440     2.384842
v   181.438015   107.135170    34.039862
v   160.626445   137.693080    35.784582
v   153.585035   154.077830     3.000932
v   138.243945   166.711590    24.323512
v   110.053085   191.494330    25.358782
v   102.001105   199.765950     7.214162
v    79.603885   207.569340    40.145812
v    42.556485   214.643760    47.558272
v    38.957305   220.572260     8.034942
v     4.308665   219.376170    31.286292
v   -32.284155   219.851520    -4.308958
v   -40.377775   213.560380    33.544812
v   -82.651505   205.748060    27.238192
v  -103.421515   198.813980    -2.334088
v  -115.019235   189.909340    27.691602
v  -142.812345   166.287890    28.466702
v  -157.329625   158.242690     0.643282
v  -166.156055   141.481740    29.266692
v  -185.817735   110.523050    29.018332
v  -195.405845    99.254690    -9.128928
v  -200.537485    73.992940    20.791262
v  -208.648205    34.777850    21.746182
v  -211.920755    38.315140   -10.515248
v  -211.412295     7.911410    25.948092
v  -209.781245   -24.155600     3.064002
v  -206.283135   -37.435970    37.004032
v  -198.616355   -76.179830    35.445692
v  -194.315585   -98.966360     8.286202
v  -187.313255  -113.429280    33.613842
v  -168.611755  -146.299160    29.411702
v  -156.668505  -158.574480     0.601842
v  -142.084065  -169.685920    24.641072
v  -110.253675  -190.869470    25.605162
v   -98.018365  -200.211660    -4.790638
v   -76.656575  -209.113310    26.461822
v   -36.751015  -219.604610    31.264302
v   -29.764515  -226.711390    -3.749848
v     4.762135  -226.106650    28.506702
v    36.225525  -224.930470     1.307482
v    39.539225  -217.391780    36.505992
v    74.293705  -205.396090    31.455392
v    98.673715  -197.238020     5.888112
v   107.907455  -187.134540    30.957602
v   144.409965  -162.700440    28.066792
v   158.707855  -151.356150   -12.672768
v   170.791075  -135.680570    13.960732
v   188.968025  -107.743490    14.098102
v   197.965795   -99.685330   -11.757598
v   202.383345   -78.604750    30.156522
v   208.202945   -32.688190    41.392182
v   213.382735   -21.230320     9.359472
v   209.432815    43.890080   -39.239398
v   214.115425    14.191490   -24.835738
v   198.877735    74.166360   -35.117358
v   203.041885    40.301720   -65.927258
v   183.435785   103.274050   -23.348038
v   164.687785   139.157620   -27.258568
v   174.183325   113.963140   -64.490478
v   141.172435   169.025750   -38.881768
v   108.261675   191.176280   -32.902668
v   115.507185   179.266210   -65.878788
v    76.466525   207.548260   -18.178998
v    40.170125   217.753590   -23.087218
v    37.815135   211.096250   -62.355908
v     2.457955   222.494760   -31.861518
v   -41.176085   217.274120   -37.638938
v   -78.239245   208.408840   -33.701978
v   -40.209165   212.629780   -67.932938
v  -110.270605   192.128330   -31.717718
v  -142.498195   167.599410   -28.258188
v  -117.431655   178.299190   -59.773938
v  -167.341425   142.837470   -27.311038
v  -188.516615   113.611920   -30.279148
v  -175.929655   120.515890   -56.746088
v  -202.827795    75.054080   -38.967178
v  -207.673225    27.461380   -44.411188
v  -201.276675    32.784790   -65.477678
v  -210.283225     1.151930   -32.920148
v  -204.978455   -44.758360   -30.139518
v  -199.707765   -74.733850   -28.733888
v  -199.780525   -47.656720   -68.015338
v  -187.865375  -109.646460   -30.152078
v  -165.294575  -142.734090   -28.261018
v  -172.076025  -115.821040   -64.839868
v  -138.060425  -166.915830   -32.059758
v  -106.933885  -191.147960   -33.659588
v  -113.327705  -177.766540   -61.836048
v   -75.338645  -210.367350   -33.453228
v   -41.402845  -221.118140   -36.194978
v   -43.268035  -212.798430   -64.915338
v     0.040975  -227.420990   -31.308128
v    34.245815  -219.046310   -30.430878
v    72.939375  -206.951820   -25.867038
v    32.874785  -210.958890   -62.442958
v   107.349865  -188.595900   -26.105848
v   142.437165  -164.046400   -30.025548
v   116.047295  -175.276400   -59.044548
v   169.247585  -136.557260   -44.729758
v   189.419395  -107.672320   -45.381988
v   176.484065  -115.794380   -64.273448
v   204.253515   -79.307660   -30.241058
v   212.759515   -37.425130   -28.980498
v   205.256345   -38.053920   -64.226498
v   189.487495    46.915350   -96.235878
v   198.877695     8.740780   -92.464588
v   179.711235    82.113410   -92.172688
v   175.412255    49.713690  -124.087518
v   158.434835   123.142630   -95.703558
v   122.478255   159.873990   -94.951118
v   129.244255   129.307890  -118.566178
v    82.408805   184.027390   -90.055758
v    42.002025   198.288680   -94.140218
v    47.328225   181.267970  -121.883518
v     0.411525   207.899820   -93.184568
v   -40.891655   199.979580   -97.018438
v   -87.378025   184.998910   -92.725798
v   -44.225035   181.238680  -124.359288
v  -126.077295   158.424870   -89.437918
v  -155.493395   127.049560   -88.299938
v  -129.522175   133.659090  -119.820708
v  -177.798685    92.944520   -88.941938
v  -188.275845    48.094830   -92.520388
v  -169.173305    53.188000  -122.577878
v  -193.359255    -6.066390   -91.107568
v  -187.019175   -40.247930   -98.754598
v  -175.178305   -84.523530   -96.231508
v  -167.944085   -42.646570  -124.442408
v  -150.835175  -123.877070   -92.702358
v  -119.423625  -157.129700   -91.341608
v  -124.494535  -129.981200  -121.181008
v   -83.695555  -182.902970   -91.333748
v   -42.893725  -196.363700   -94.523088
v   -46.323695  -176.664530  -122.824458
v    -4.963435  -205.384410   -89.937518
v    39.191565  -195.075400   -93.429208
v    84.273435  -181.949340   -90.989188
v    44.260885  -177.056930  -123.332238
v   124.879545  -155.969050   -91.110658
v   156.432715  -120.308620   -91.741908
v   129.084595  -127.529240  -121.211898
v   178.074045   -82.941700   -92.966798
v   190.277815   -35.398850   -96.914788
v   172.547955   -36.773450  -125.844758
v   154.177125    43.036930  -146.332038
v   163.958465     3.289470  -146.279318
v   132.200325    93.705920  -142.936108
v   122.904195    46.971960  -167.366718
v    95.232055   133.870770  -142.179798
v    56.185035   157.077810  -144.005058
v    59.988345   126.824720  -165.519078
v    11.081015   171.237430  -143.553598
v   -39.268315   156.603430  -146.369188
v   -93.447055   133.704720  -145.942678
v   -39.714495   125.800720  -167.719058
v  -126.959065    98.937190  -146.329698
v  -144.541295    52.081990  -149.255408
v  -116.052355    52.027420  -172.054788
v  -155.987945     4.529790  -146.316298
v  -143.637605   -47.103230  -150.816238
v  -124.933845   -94.560500  -150.373628
v  -115.256985   -49.312400  -175.751708
v   -92.839305  -130.237650  -149.400308
v   -52.840435  -152.528060  -148.353298
v   -54.931375  -121.905840  -173.889798
v    -6.307425  -165.584780  -144.989778
v    42.173475  -153.511350  -148.184348
v    95.661285  -131.225670  -145.710198
v    46.011695  -122.908060  -169.461228
v   131.265275   -93.507390  -145.571498
v   151.142725   -48.162240  -148.135818
v   124.222915   -54.388810  -168.364118
v    86.279235    49.230830  -183.253418
v   108.752875    -4.110570  -182.480288
v    49.401055    90.495510  -182.342288
v    41.056535    44.251370  -197.040748
v     9.788435   112.729060  -180.484858
v   -45.296745    89.494330  -184.647398
v   -83.769725    48.995590  -187.348278
v   -41.706315    43.855450  -199.204718
v  -102.328465     0.565200  -188.018388
v   -83.269755   -47.520940  -191.391768
v   -47.539485   -87.043130  -191.131348
v   -40.892865   -43.254630  -202.535978
v    -5.474115  -109.404020  -186.278348
v    48.638315   -87.939350  -186.096318
v    88.259205   -49.183100  -184.566978
v    42.132395   -43.183270  -199.794898
v    -0.014605    37.597800  -203.251388
v    35.550705     0.011490  -203.717288
v   -35.148135     0.011490  -205.686488
v    -0.014605   -37.184780  -205.844598
v    27.462055    12.431970   218.101552
v    32.443365    31.472080   216.584982
v    13.269335    33.344900   218.049532
v    62.603845    14.200110   209.089642
v    48.461965    21.906990   214.154092
v    56.490545    -3.883790   212.698492
v    14.954225    61.892720   213.017512
v    32.778615    45.896440   214.308362
v    34.069265    60.849480   209.533692
v    -7.325225    36.125220   216.467022
v    -7.241045    16.502840   217.932832
v    -8.872255    65.263060   210.001852
v    -6.947735    51.166310   214.321362
v   -47.265885     9.731870   212.194412
v   -29.531635    31.673000   213.962012
v   -51.908395    28.159330   209.086732
v   -14.630655    -6.272650   216.552702
v     6.907765    -3.656390   218.165502
v   -58.890125   -17.103000   208.965102
v   -37.651605   -10.743520   214.046472
v    -5.964735   -49.049160   213.478222
v   -22.121925   -32.095040   214.524492
v   -30.663445   -56.822340   210.148422
v    25.230195   -10.946180   216.783812
v    12.887745   -61.363840   210.430892
v    17.825035   -37.420410   214.779262
v    40.562615   -20.565020   214.506332
v    56.231795   -31.190150   209.718632
v    88.207685   -11.642870   197.513712
v    95.878745    16.312720   189.243562
v    79.339845    13.613180   199.434752
v   125.360265    21.255630   167.746192
v   111.240415    19.348390   178.624702
v   119.307605    -6.531720   176.368862
v    89.486815    70.919900   176.887682
v   101.590575    45.540200   178.102482
v   105.874675    73.770490   165.716282
v    72.949445    93.560050   177.360402
v    71.429335    67.492700   189.387172
v    52.639085    63.496340   200.889472
v    33.977635    82.988510   200.464222
v    67.595145    39.536880   200.576452
v    30.337455   102.511810   191.263072
v     9.524295    94.551260   199.492722
v    71.018445   113.574610   166.617672
v    50.627265   108.684490   179.797692
v    -1.355175   127.449910   180.515012
v    25.630005   119.406420   181.620072
v    21.347325   134.695080   171.223962
v   -18.865795   102.655560   193.201172
v   -12.921245    84.438830   201.985292
v   -28.901095   134.042790   173.063402
v   -24.895565   119.083720   183.630752
v   -70.319785    94.021510   182.332632
v   -48.153265   108.314350   183.591632
v   -75.705005   112.379480   171.910422
v   -90.012995    73.175000   181.241582
v   -64.211005    72.255680   192.773812
v   -58.015235    49.460160   202.105692
v   -75.680935    26.293940   200.004712
v   -36.200695    68.946030   202.722782
v   -94.287805    21.957460   189.241702
v   -86.239395    -1.047760   196.190662
v  -108.983885    70.618260   169.303992
v  -102.043005    46.046350   179.975712
v  -116.279135   -12.845760   172.706042
v  -109.886615    16.671050   177.499062
v  -123.995385    11.746040   165.131032
v   -95.384975   -27.708300   188.429422
v   -78.578165   -21.696140   199.408092
v  -123.995765   -38.150280   164.249862
v  -110.376775   -34.023440   176.601272
v   -93.408895   -72.157010   178.945632
v  -103.362555   -53.491300   178.272572
v  -109.920795   -76.876550   166.782672
v   -77.646325   -90.369750   179.758512
v   -73.684905   -67.507450   191.184552
v   -52.713965   -62.837430   202.056332
v   -34.368775   -79.388740   201.415102
v   -67.407485   -42.841370   201.364772
v   -33.290835   -97.623460   191.317742
v   -10.426475   -90.339560   199.009622
v   -77.364155  -108.783290   168.245632
v   -55.669715  -103.726410   180.627412
v    -3.555035  -121.464150   177.318972
v   -30.625915  -113.696190   180.347192
v   -27.137545  -128.701910   168.656292
v    17.651805   -98.080390   191.611432
v    13.970395   -81.104370   201.659932
v    24.510415  -128.271720   169.231262
v    21.648385  -113.653650   180.732722
v    70.359065   -91.706710   180.712922
v    46.556575  -103.971960   181.304812
v    74.154485  -108.505910   169.441052
v    90.901915   -75.351720   180.453142
v    65.456855   -72.922350   192.143552
v    60.135665   -53.116150   202.260642
v    77.857955   -34.620850   200.625782
v    38.083515   -68.659980   202.626392
v    96.595805   -33.730330   190.597832
v   110.314905   -75.161870   169.138232
v   103.958035   -54.798580   180.698052
v   112.765175   -31.833060   179.928732
v   127.441165   -29.468070   168.647542
v   145.584755    -4.419040   154.546502
v   150.873295    19.423390   146.774602
v   138.660935    20.264280   157.613772
v   171.414945    18.779780   121.843862
v   161.756635    18.965820   135.011612
v   167.287985    -4.497370   131.227472
v   147.491285    67.412490   135.254192
v   155.393375    43.011870   135.866702
v   158.865285    65.622530   122.313832
v   137.333705    91.709890   133.420112
v   134.950625    70.204020   146.023812
v   120.979155    72.832180   156.023142
v   108.459615    96.974250   153.879872
v   130.767115    46.644790   157.533502
v   108.136075   115.430740   142.676392
v    90.981405   116.249320   153.457832
v   136.991285   109.560910   120.264782
v   123.266095   112.877010   132.155192
v    87.635915   147.006440   130.461922
v   106.606695   131.386000   130.972012
v   104.732345   145.843170   117.788562
v    66.683465   157.914860   132.793742
v    67.056395   144.830180   144.848462
v    44.507115   140.580360   158.830212
v    20.433215   148.344150   160.234862
v    68.894885   130.064150   156.132902
v    25.090675   160.633630   148.359382
v    -0.149695   154.363340   158.191702
v    69.777085   169.577950   119.586572
v    48.606605   165.740550   135.019402
v    12.833255   175.796090   132.976132
v    31.282795   171.480640   135.757552
v    36.292675   181.046600   122.355112
v   -21.226625   159.919510   149.225192
v   -27.039795   147.678180   161.418802
v    -9.242395   180.310620   122.856622
v   -14.636175   170.736320   136.446802
v   -69.814565   155.917610   135.216842
v   -42.765835   164.319660   136.496552
v   -64.847245   167.522180   121.478912
v   -93.514465   144.697010   133.788172
v   -73.735465   143.010240   148.289162
v   -76.020785   128.406890   160.641542
v   -97.450065   114.270820   158.844402
v   -52.318355   139.293900   161.699842
v  -115.100965   112.992890   146.367042
v  -114.288965    94.175550   158.118672
v  -110.741055   143.401600   119.850752
v  -113.450205   129.009910   133.727752
v  -144.315445    88.760810   133.059372
v  -130.552935   110.418070   133.651862
v  -144.587535   107.429120   119.968442
v  -152.434555    63.520010   132.522712
v  -139.418875    64.741060   145.148272
v  -132.282625    38.416130   155.845542
v  -137.418155    10.206980   153.187952
v  -124.945555    67.573170   157.495152
v  -150.288775    14.601530   141.780762
v  -142.587425   -12.114120   149.070512
v  -164.032575    66.116920   119.844802
v  -157.849625    41.348160   131.818592
v  -165.590575     0.960510   125.966312
v  -161.842685    20.700600   130.092742
v  -171.802815    25.751150   117.712972
v  -150.100995   -30.125840   141.171832
v  -137.332265   -36.108890   152.490312
v  -171.580915   -17.880220   117.159742
v  -161.566455   -23.382180   129.603252
v  -151.797135   -69.168200   130.771262
v  -157.379465   -46.837370   130.729122
v  -163.344525   -64.026220   118.182632
v  -143.553265   -89.662920   130.635072
v  -139.086625   -73.683660   143.091812
v  -125.029605   -76.620690   155.147822
v  -114.491595   -95.078350   155.103972
v  -132.148275   -57.101730   154.303242
v  -114.309985  -112.611780   143.170202
v   -97.231705  -112.691000   155.364482
v  -143.565715  -107.026780   117.194232
v  -129.474315  -110.216600   130.714172
v   -91.231795  -145.828190   130.397742
v  -111.795375  -129.452600   130.521782
v  -108.782845  -145.587610   116.627832
v   -67.413155  -156.906550   131.667632
v   -71.187295  -142.038840   144.357152
v   -49.577645  -135.974570   157.310142
v   -23.407845  -143.670610   156.943112
v   -74.729325  -125.880510   156.653942
v   -20.574055  -157.720580   145.543922
v     1.954015  -150.028140   154.539792
v   -64.865045  -169.913210   118.863532
v   -42.896885  -164.562550   133.272422
v     5.935535  -175.057130   131.125732
v   -18.271475  -170.294690   133.764962
v   -16.453115  -181.336050   121.167462
v    25.557495  -156.997800   146.648372
v    24.474805  -143.101280   157.944972
v    27.771515  -180.421460   121.859942
v    27.055355  -169.481320   134.832112
v    69.130225  -154.958760   134.702462
v    47.880305  -163.053110   135.426842
v    68.434795  -167.479790   121.647392
v    91.698215  -144.153760   133.718892
v    71.368665  -140.707430   146.877162
v    73.659915  -125.033780   158.470402
v    96.289325  -112.156720   157.303842
v    49.064545  -135.071960   158.840592
v   114.119835  -112.667250   145.568912
v   114.301925   -94.691050   157.094712
v   109.429475  -143.875930   120.367352
v   112.076475  -129.036430   133.555042
v   144.236425   -91.522560   132.995952
v   129.813525  -111.283130   133.301282
v   144.391345  -108.861760   119.838912
v   153.317215   -70.062800   133.819882
v   140.520415   -72.088500   146.184882
v   134.704185   -51.191960   158.245932
v   140.660295   -27.648980   157.414512
v   126.221745   -73.972150   158.009072
v   152.928685   -27.139380   146.195452
v   164.786995   -69.110960   120.834002
v   159.496825   -48.669730   134.650252
v   163.882475   -26.931860   134.378732
v   173.379255   -26.348980   121.628592
v   184.474055    -0.190570   104.518642
v   187.978665    23.277790    92.332732
v   180.169915    19.908730   106.477692
v   200.076715    30.689280    64.916492
v   194.666645    27.079190    78.760012
v   197.796605     9.118600    78.087962
v   186.070095    63.428590    71.544782
v   190.927985    44.857570    75.502622
v   192.666655    64.453720    56.466522
v   179.591265    83.227370    69.778602
v   178.221565    63.769960    88.530862
v   169.147185    64.625730   105.901632
v   160.994785    86.606740   105.033322
v   175.319915    41.889730   106.600402
v   160.638555   104.280280    88.168802
v   149.575245   106.619430   105.334612
v   178.339205    98.997140    54.501702
v   170.208485   101.913040    70.645532
v   145.855665   136.430840    71.963322
v   158.840015   119.457170    71.727152
v   156.116545   132.573250    56.525332
v   131.334545   152.848830    71.220522
v   133.684445   140.229120    88.023002
v   119.950575   143.404980   103.559172
v   103.122715   159.103170   102.423012
v   135.671775   125.706090   104.646962
v   102.042595   170.743140    86.602822
v    86.528145   171.802880   102.502992
v   129.242505   163.604920    54.786892
v   116.295975   167.771240    70.787132
v    84.325355   191.169450    71.646932
v   100.624005   180.792260    70.734312
v    98.631175   189.275890    55.154052
v    67.907835   197.624340    74.930942
v    70.088845   189.573050    89.707952
v    54.422465   185.945930   107.001402
v    36.676475   189.959550   107.785552
v    70.726945   180.206350   104.926592
v    32.789015   197.989070    93.822112
v    14.517995   193.311440   105.111482
v    63.813405   204.218300    62.475432
v    48.512355   201.903420    78.536862
v     5.405895   206.907340    77.429312
v    27.633715   204.782470    80.302312
v    23.519655   210.088360    67.900622
v   -12.225705   197.345270    93.718302
v    -8.967285   189.279300   108.195792
v   -19.232795   209.501750    65.326542
v   -15.981875   204.171450    79.533912
v   -63.489115   195.860900    75.024922
v   -39.311285   200.695900    77.917822
v   -64.742355   202.556490    60.095612
v   -87.412305   188.944150    72.635602
v   -63.064145   187.685660    90.688242
v   -63.273115   178.208690   106.368862
v   -88.431225   169.321510   104.536562
v   -35.924645   184.573000   107.911072
v  -107.307475   168.098830    88.641432
v  -108.319565   156.417400   104.552502
v  -105.227495   186.987270    56.636552
v  -106.490595   178.278860    72.546772
v  -137.850045   150.335380    73.258462
v  -122.737235   165.192230    73.002282
v  -135.874375   161.384980    57.352052
v  -152.428715   134.248620    73.787702
v  -140.621275   137.694120    89.450582
v  -142.979985   123.389460   105.222802
v  -157.073335   104.758510   105.246362
v  -126.499745   140.909860   105.055962
v  -167.128955   103.025740    90.462102
v  -167.449525    86.111480   105.549002
v  -161.878675   131.639870    58.830502
v  -164.965655   118.022370    74.849182
v  -183.416455    83.262820    76.019522
v  -175.427815   101.189560    75.551222
v  -182.328505    98.844130    60.357372
v  -188.326445    63.932100    76.542382
v  -181.329555    66.053640    91.571182
v  -177.287605    47.027190   105.776182
v  -180.296385    26.586060   104.088632
v  -173.483335    66.800020   106.052902
v  -188.970195    23.726260    89.645532
v  -184.291745     3.950860    99.434882
v  -195.439375    59.727840    60.091152
v  -192.933535    42.112050    76.241322
v  -200.136875    -2.342230    70.538662
v  -196.876015    19.762570    74.756382
v  -203.388095    16.352470    58.770652
v  -189.023245   -19.519280    88.977662
v  -180.326225   -17.446740   103.054382
v  -203.044005   -23.354560    60.897022
v  -196.844235   -21.764290    74.751292
v  -188.537725   -63.084940    74.409672
v  -193.019415   -42.203700    75.403622
v  -195.332815   -63.159900    60.826822
v  -183.734675   -84.141130    73.010592
v  -181.326035   -62.817710    89.132802
v  -173.079785   -62.740600   103.966602
v  -166.978675   -84.484090   102.876962
v  -177.132095   -40.082080   104.170072
v  -167.466075  -104.452890    86.916342
v  -156.788985  -104.951140   102.115472
v  -183.426445  -102.788410    57.725982
v  -176.218905  -103.997520    71.914492
v  -153.864995  -140.385910    69.199402
v  -166.248785  -122.591360    70.579812
v  -164.014695  -138.555000    54.538072
v  -138.458985  -157.422270    68.704632
v  -140.763185  -142.613580    85.248322
v  -125.440635  -144.387550   101.385002
v  -106.581215  -160.955560   101.207512
v  -142.449975  -125.326040   101.732972
v  -105.288555  -172.886610    85.971172
v   -86.462615  -172.877260   102.318102
v  -135.931315  -168.019470    53.316482
v  -121.678245  -171.166560    69.625562
v   -84.167825  -191.536630    72.406382
v  -103.785645  -182.458350    70.807872
v  -101.454435  -190.064090    55.712892
v   -62.253385  -197.940490    75.130452
v   -63.088375  -189.979680    90.090282
v   -40.049175  -186.463700   106.725882
v   -16.384455  -190.824150   107.115622
v   -63.842685  -180.777940   104.810102
v   -17.215325  -199.767030    92.516462
v     5.700095  -194.940440   103.612662
v   -61.254235  -205.229100    60.047672
v   -39.891375  -203.397610    77.272512
v     2.523225  -210.843690    74.419872
v   -17.951815  -207.725440    77.785032
v   -18.500065  -214.247680    62.911282
v    24.598295  -198.728020    91.935222
v    26.699015  -189.835750   106.769042
v    20.653885  -213.141860    63.240932
v    22.217335  -206.641210    77.344122
v    60.996235  -194.833210    73.666102
v    41.594745  -201.292430    76.248382
v    58.020435  -202.127470    59.231532
v    80.556375  -187.255330    71.813652
v    64.205745  -186.915260    89.797302
v    66.780115  -177.947810   106.150312
v    86.801605  -169.213320   104.904132
v    46.784995  -184.517240   107.083822
v   104.950775  -167.429330    89.018712
v   107.524415  -156.697740   105.393002
v    97.230415  -184.551290    56.489512
v   101.468495  -176.633710    72.432192
v   141.038715  -149.372160    73.558922
v   121.918185  -163.837250    73.221932
v   137.309095  -159.251660    57.328822
v   157.184525  -133.612330    73.140032
v   143.156175  -137.639640    89.735712
v   144.076935  -124.132250   105.410942
v   158.405675  -105.951210   104.928762
v   126.869795  -141.325740   105.580652
v   169.498795  -104.166250    88.855702
v   168.251655   -87.967360   104.760592
v   167.446945  -130.353860    54.869772
v   169.124305  -118.176210    72.533802
v   185.297565   -84.802430    72.779442
v   178.380665  -102.274720    72.199592
v   185.565265   -99.710050    54.531372
v   189.815555   -64.352220    75.585502
v   182.768625   -66.868650    90.808332
v   178.705485   -47.099360   107.421492
v   181.603535   -24.709090   107.533222
v   174.532865   -68.250690   106.268542
v   189.218405   -20.433350    94.098492
v   196.265235   -60.174970    61.801582
v   193.348145   -40.283770    79.030322
v   195.877355   -15.181120    81.014462
v   201.399315   -10.921680    68.213022
v   206.768805    15.683170    51.535942
v   207.587385    34.871190    36.194112
v   204.072145    33.125860    50.221972
v   212.522175    35.180310     5.051402
v   210.345215    37.479050    21.700562
v   212.296835    19.022330    22.992192
v   204.295495    63.203400     9.335152
v   207.724895    51.510890    15.655472
v   207.265705    60.657930    -5.687988
v   200.102175    76.766070     6.019502
v   201.306015    64.586080    25.116672
v   197.562735    65.143960    41.040772
v   192.396615    80.829040    38.006772
v   201.256985    48.985320    45.963662
v   189.918375    93.277940    27.445542
v   184.836705    95.824520    42.111252
v   197.468475    84.357360    -5.567278
v   193.974935    90.121750    11.346682
v   177.179965   116.352130    25.921442
v   186.243075   103.083990    19.304082
v   182.056315   110.167520    10.367702
v   167.164545   131.183640    26.645762
v   171.483855   122.323640    36.505182
v   164.507425   127.872130    45.827062
v   152.746875   143.359970    44.885452
v   175.382345   111.787650    44.845182
v   149.940175   152.618760    30.070072
v   140.815885   158.312110    40.391872
v   163.553615   139.223100    10.483672
v   157.362945   146.293730    20.826722
v   134.703205   173.830130     8.002402
v   146.728415   160.612990    13.609152
v   142.315255   167.761500    -4.180838
v   121.092195   185.977930     8.699582
v   124.623965   179.944510    23.094092
v   112.447285   185.204510    39.218642
v    96.929085   195.940120    41.476332
v   127.240295   172.492790    38.860912
v    95.381755   200.672950    32.375052
v    80.852655   203.815640    47.855902
v   116.024825   190.765370    -1.774448
v   107.260995   196.019360    15.983842
v    77.045175   210.277750    32.614722
v    92.733025   204.161800    24.581392
v    87.227795   207.054580    16.154682
v    59.568265   214.262820    35.780442
v    61.493045   211.784440    46.057602
v    42.924185   211.695170    57.597572
v    23.129435   213.770830    57.214882
v    62.500225   208.669510    53.732142
v    23.513965   217.452040    41.478182
v     2.892285   215.819940    48.593312
v    55.412765   217.186600    16.409182
v    42.640555   217.887670    29.253482
v     4.592245   221.681990    15.258792
v    24.553845   220.510060    21.957202
v    21.928255   222.460920     3.095462
v   -17.618195   216.912920    33.705782
v   -19.794275   213.178250    50.615262
v   -13.692485   222.100560    -3.076478
v   -16.299905   220.063110    14.926232
v   -58.307905   212.816340    14.972962
v   -37.883745   216.946920    14.658812
v   -52.071355   216.000020    -3.862388
v   -78.278745   208.577250    12.530542
v   -62.058245   210.245300    30.654672
v   -64.189435   207.060440    45.377702
v   -85.453595   201.884480    42.062002
v   -41.970385   210.567300    48.932312
v   -99.749065   198.883130    26.996882
v  -102.987135   193.949720    41.760202
v   -88.014995   205.820630    -2.871268
v   -95.189155   202.582940    12.019192
v  -124.636595   185.018530    13.553592
v  -110.374835   194.683330    12.834122
v  -117.989465   190.112990    -1.451318
v  -138.160975   173.710520    14.106702
v  -129.492295   178.676030    28.081372
v  -133.240805   170.800540    42.547092
v  -146.334305   157.330710    42.855042
v  -118.662925   183.276250    42.262332
v  -155.025175   154.322340    28.906962
v  -158.476135   144.106840    43.435352
v  -145.209615   169.296200     0.263522
v  -150.790475   162.662760    14.551022
v  -172.407815   137.816460    14.887862
v  -162.210995   150.926380    14.833132
v  -168.033385   146.044170     0.761382
v  -182.122815   122.721240    14.019472
v  -176.563755   126.733420    29.743702
v  -179.909855   113.533410    44.993182
v  -188.481905    96.460670    44.217392
v  -169.885805   129.505440    44.337292
v  -193.937495    92.875850    24.871062
v  -195.675925    77.569600    41.153492
v  -187.247485   116.675320    -3.920218
v  -190.949315   105.952140     9.916262
v  -204.230135    69.141030     0.659282
v  -198.400795    88.004330     4.632012
v  -202.010935    80.771920   -14.357578
v  -208.279035    50.889310     1.214592
v  -205.300755    53.634300    20.508842
v  -205.044725    35.620970    40.833732
v  -207.825175    16.372680    40.952532
v  -201.054405    56.802530    40.671992
v  -210.630605    21.026490    25.049782
v  -209.234355     1.428410    40.884442
v  -209.937725    48.917030   -15.270388
v  -210.905755    38.637800     4.744522
v  -212.672985     9.984600    11.172242
v  -212.284815    26.534440     9.317382
v  -212.926405    24.549440    -6.999528
v  -209.302715   -14.327270    33.539862
v  -206.727565   -21.275540    47.980632
v  -211.856655    -6.685920    -0.209908
v  -211.077555    -9.214110    17.091442
v  -204.720655   -51.481690    24.144022
v  -208.398805   -31.246620    20.798832
v  -206.403245   -44.104610     6.895182
v  -200.920445   -70.378000    23.560252
v  -202.780855   -57.100630    37.141052
v  -199.867025   -60.866730    48.854122
v  -195.103665   -80.586050    47.081622
v  -203.695675   -41.375840    49.677342
v  -193.689465   -95.116890    34.642542
v  -189.352335   -99.775820    46.053902
v  -198.979415   -80.903750     9.194332
v  -196.754425   -89.011370    22.643952
v  -184.167575  -124.890000    20.482712
v  -191.280135  -107.250750    21.874672
v  -188.084545  -116.769100     7.232902
v  -174.858535  -140.745370    18.313742
v  -178.963285  -130.743180    31.721062
v  -172.261795  -135.330990    42.712992
v  -160.807255  -150.743860    40.563332
v  -181.745245  -118.052280    44.655602
v  -156.184825  -158.749080    26.704932
v  -147.202475  -163.371390    38.730942
v  -169.059765  -147.058350     3.565092
v  -163.407025  -153.496660    15.411462
v  -135.758645  -174.444640    10.324022
v  -150.261915  -164.442720    12.511672
v  -142.866595  -168.802030    -2.292548
v  -120.360835  -184.933730    10.230712
v  -126.595305  -180.608920    24.763792
v  -115.257285  -186.060570    40.088692
v   -97.905105  -195.639030    41.047792
v  -131.913975  -175.251170    38.980472
v   -93.964665  -200.709590    25.816322
v   -79.929515  -204.325470    41.967712
v  -113.227675  -189.820020    -4.809188
v  -104.952885  -195.567900    10.407022
v   -72.148325  -212.864310    11.171822
v   -89.128395  -205.120810    10.364352
v   -82.246325  -209.049170    -4.620728
v   -53.268365  -218.592230    13.349992
v   -57.014185  -215.068490    29.204832
v   -38.710615  -215.522060    46.994162
v   -17.947015  -219.119110    47.626842
v   -59.580155  -210.814380    44.626482
v   -15.556545  -223.641830    31.497452
v     3.223605  -221.903330    44.628512
v   -48.000175  -222.119730    -4.084668
v   -34.399025  -223.667630    13.653892
v     4.906955  -228.582370    13.199712
v   -14.401805  -227.264440    14.182522
v   -12.563605  -229.120460    -2.973438
v    22.238735  -222.524540    34.451652
v    21.451395  -217.956770    49.933852
v    20.431415  -228.230000    -0.444778
v    23.381405  -226.231280    17.022472
v    55.326695  -215.512130    21.389082
v    39.891945  -221.571160    19.424992
v    51.170105  -219.329430     3.936492
v    71.902735  -209.210070    19.487442
v    56.879015  -211.953160    34.641042
v    57.477775  -207.696170    46.688652
v    75.426525  -200.530430    43.487182
v    39.322365  -213.333510    49.614832
v    90.977725  -197.081920    30.995662
v    93.284365  -191.475910    43.120632
v    82.676045  -205.595670     6.055692
v    88.224365  -201.637190    18.805872
v   120.376045  -181.859730    18.131362
v   104.204805  -192.482920    18.790552
v   114.302475  -187.384860     5.472942
v   137.671125  -169.837640    15.575282
v   126.588675  -175.497910    30.431872
v   132.395085  -167.957830    43.281792
v   150.090945  -154.343620    41.364982
v   112.891775  -180.461540    43.487212
v   158.822595  -149.429870    20.892782
v   163.936985  -140.439630    35.964772
v   145.187915  -164.140340    -3.451478
v   152.557305  -157.305790     7.933282
v   176.148265  -130.042630    -7.888648
v   165.278955  -143.991300    -0.918138
v   170.501625  -137.593010   -21.601098
v   185.376835  -116.683540    -7.810668
v   180.698725  -121.790980    12.037152
v   183.851475  -111.779710    33.704602
v   191.224445   -96.625950    35.909122
v   174.887615  -126.490190    33.713372
v   196.457865   -94.331500    21.470372
v   197.508005   -80.371530    42.650392
v   189.959095  -111.793940   -21.270178
v   193.782955  -104.390650    -0.280888
v   206.208085   -75.876170    18.403412
v   200.892895   -91.413450     9.108642
v   204.426245   -86.579780    -1.867308
v   209.380855   -53.911860    24.658912
v   206.012595   -56.985300    37.183642
v   204.297605   -34.248200    53.861142
v   205.838395    -9.399440    55.788752
v   201.675725   -58.316520    49.220882
v   209.423325    -6.120460    42.181922
v   211.978425   -46.410830     8.727182
v   211.253275   -28.576350    26.100802
v   212.099595    -3.067110    26.497092
v   214.047975    -0.187550     9.146452
v   211.034755    25.341160   -51.223258
v   212.441915    29.701040   -33.867828
v   213.354085     8.764880   -42.959368
v   210.282975    48.533430   -19.754138
v   206.604675    60.061080   -25.427918
v   214.367325    17.005710    -8.232218
v   212.721155    35.070270   -13.861838
v   195.283545    73.733380   -47.534628
v   201.765605    57.817070   -51.227938
v   197.290435    57.422430   -64.290898
v   204.797675    58.957140   -39.071468
v   201.385745    73.780030   -23.382028
v   207.649795    23.132150   -65.428198
v   207.041165    41.380190   -52.936988
v   187.686735    89.668000   -43.052728
v   191.698965    88.364090   -28.754908
v   187.126375   100.653280    -9.028768
v   178.302225   114.773500    -3.132228
v   194.911105    87.373320   -16.512148
v   158.671745   146.134180   -49.888848
v   169.742245   127.728970   -46.128678
v   163.363835   133.812960   -67.297618
v   174.593715   121.112110   -23.716338
v   169.128835   131.519590    -4.528098
v   183.256825    93.730600   -61.963578
v   179.371405   108.360870   -43.608598
v   145.846045   161.754440   -54.451048
v   153.859065   155.005470   -33.716588
v   148.557125   161.881510   -18.333938
v   135.800325   174.875830   -23.342978
v   159.443575   147.401590   -11.074308
v    93.626195   195.383140   -44.941468
v   111.781835   185.895220   -50.020838
v    96.295235   189.710570   -62.004198
v   125.210625   180.967860   -37.622688
v   120.585965   185.966070   -20.780728
v   133.729735   166.990750   -68.955158
v   129.714765   174.760490   -53.463268
v    76.411035   203.499610   -39.121918
v    92.575435   200.143190   -24.839058
v    91.228375   203.930180    -3.831788
v    75.466155   210.474610     2.653532
v   105.996535   195.715600   -12.886418
v    19.776375   218.610970   -45.490088
v    38.863645   215.038830   -42.677488
v    18.216505   215.267490   -63.945588
v    58.571055   213.356020   -19.136868
v    58.295475   215.615800     0.517392
v    57.534315   205.409960   -59.805468
v    57.942835   210.040650   -39.958048
v     0.187895   220.705800   -47.024598
v    21.344825   220.933360   -29.422958
v    23.429725   222.244840   -14.015228
v     3.666895   223.241280   -16.315108
v    41.528595   219.633100    -6.612438
v   -21.782215   218.525710   -52.555938
v   -19.365895   220.566320   -37.334678
v   -38.574275   218.864440   -21.346428
v   -58.215565   214.676640   -20.756328
v   -17.225525   221.873380   -21.113478
v   -78.732225   205.627220   -48.691308
v   -60.253515   211.448670   -51.254768
v   -59.820435   207.847490   -66.163488
v   -60.255385   213.499800   -36.208188
v   -76.299545   210.025210   -18.700078
v   -20.990395   215.918460   -67.721528
v   -41.318755   215.580360   -52.943568
v   -95.919545   197.310200   -47.371688
v   -94.565805   201.313920   -32.705418
v  -107.653785   195.895830   -17.110838
v  -122.427815   186.062380   -15.864458
v   -92.516585   203.844050   -17.739618
v  -146.525425   159.179650   -42.061868
v  -130.950485   173.055270   -43.747328
v  -134.732195   164.156790   -57.772638
v  -126.865245   180.404560   -29.923358
v  -137.590665   174.427100   -14.385878
v   -98.851025   190.848810   -61.588158
v  -113.673085   186.087540   -45.743668
v  -159.774225   146.089540   -41.390548
v  -155.643345   155.490930   -27.406598
v  -162.640325   151.481850   -13.248518
v  -173.213775   138.594090   -13.515358
v  -150.961915   163.271420   -13.587608
v  -192.409985   100.868940   -44.558258
v  -183.102815   117.524440   -42.823308
v  -186.272065   104.386750   -57.417748
v  -178.576875   129.081350   -28.175528
v  -183.447235   124.250740   -15.404098
v  -163.863275   135.332460   -56.175618
v  -172.121855   132.471100   -41.819898
v  -199.326705    80.372970   -48.361108
v  -196.730765    95.582780   -34.426948
v  -199.790415    89.125980   -24.831788
v  -205.160535    68.962010   -29.661998
v  -192.411845   107.444810   -19.904898
v  -206.067695     5.122680   -54.727408
v  -204.998535    28.455840   -55.200728
v  -202.613825     5.905530   -66.206628
v  -205.961785    50.376750   -43.124808
v  -208.010205    47.666350   -32.164098
v  -198.743555    60.190260   -62.675858
v  -203.054475    54.982560   -52.483048
v  -207.230985    -9.735690   -47.786008
v  -209.299915    13.058750   -40.844628
v  -211.669645    22.697600   -24.220758
v  -212.108445     6.604860   -18.261878
v  -210.209505    34.437270   -28.522898
v  -204.709695   -32.504810   -48.530348
v  -207.861505   -22.322400   -32.632948
v  -207.592015   -35.474530   -12.746978
v  -204.191435   -54.683920   -10.065708
v  -210.421165   -13.051680   -16.569968
v  -196.814865   -77.256550   -49.082448
v  -200.518335   -62.253750   -49.274688
v  -196.768355   -62.383630   -68.587028
v  -202.704405   -60.153040   -29.255368
v  -201.332525   -70.373340    -8.816028
v  -201.727775   -33.547060   -66.136138
v  -202.888355   -48.265070   -49.120768
v  -190.617795   -94.741370   -49.401998
v  -194.902815   -91.940860   -29.525788
v  -191.819695  -105.419380   -10.451548
v  -184.156055  -122.793750   -11.030148
v  -197.398615   -87.618560    -9.310128
v  -155.588055  -145.843090   -45.255618
v  -168.984375  -130.223700   -46.350798
v  -159.004745  -133.225750   -62.745648
v  -177.569065  -126.945960   -29.042298
v  -173.457285  -138.802930   -10.971098
v  -183.378575   -97.285760   -66.729308
v  -180.914185  -112.832680   -48.214028
v  -141.460135  -159.026800   -46.321578
v  -152.228595  -155.404570   -29.940768
v  -148.182865  -162.769120   -15.725618
v  -133.679265  -173.251480   -18.112268
v  -161.433805  -151.680820   -12.990238
v   -93.656965  -196.518340   -47.651908
v  -110.271595  -185.219510   -47.652398
v   -96.254885  -189.940000   -61.800098
v  -122.790005  -179.340300   -33.136848
v  -118.461375  -184.809880   -19.185868
v  -129.392945  -164.034710   -61.519298
v  -126.398215  -172.504300   -47.174408
v   -77.251795  -205.945620   -47.716338
v   -91.316685  -201.650170   -33.462298
v   -87.933355  -205.684250   -19.084058
v   -71.949745  -213.582130   -19.300898
v  -103.391635  -195.947060   -19.411328
v   -25.353885  -221.316180   -50.001918
v   -43.237235  -217.630970   -50.610528
v   -25.880705  -216.803290   -64.322008
v   -58.794215  -216.506200   -35.224648
v   -55.203905  -219.364560   -20.630808
v   -60.933925  -207.309230   -63.775708
v   -60.320955  -212.729730   -49.425758
v    -4.325975  -223.981220   -45.641278
v   -20.886905  -225.144170   -35.655208
v   -17.033075  -228.011800   -19.957418
v     2.546375  -229.239540   -16.707698
v   -37.089445  -224.447500   -20.314378
v    13.516615  -220.252020   -47.239018
v    16.714505  -224.087330   -32.569198
v    37.007645  -222.411490   -14.411458
v    52.863255  -216.382630   -12.135828
v    20.669935  -226.996260   -17.052168
v    73.932125  -202.728210   -42.363958
v    53.730675  -209.950930   -44.446898
v    54.314015  -204.744820   -60.776248
v    53.453045  -213.572690   -28.170938
v    70.903095  -210.029180    -9.758368
v    12.026565  -215.812210   -62.759678
v    33.101345  -215.637710   -46.366588
v    92.493215  -193.636560   -42.103208
v    90.356405  -198.591510   -25.532068
v   103.922325  -193.244140    -9.636848
v   120.016255  -182.594730   -10.392278
v    87.816705  -202.432150    -9.205768
v   147.323725  -156.152850   -46.076948
v   130.294415  -169.993680   -43.558518
v   134.819785  -161.625700   -59.626188
v   125.365505  -176.936000   -27.114128
v   136.707215  -170.563850   -13.310948
v    96.138735  -187.261970   -58.593668
v   111.608605  -182.602510   -42.682708
v   161.407505  -141.858370   -51.905748
v   156.851325  -150.593230   -37.513588
v   164.338845  -144.545150   -30.138028
v   175.511165  -130.419340   -37.282008
v   151.470165  -157.958910   -21.156328
v   192.345295   -96.374270   -53.049568
v   183.674275  -111.930180   -55.168728
v   186.035275   -99.162330   -64.214048
v   180.090315  -122.149300   -47.032668
v   185.394075  -116.729260   -37.429538
v   165.095025  -131.493730   -63.205978
v   173.413395  -127.344600   -54.644098
v   199.744435   -80.566160   -47.468678
v   197.575415   -94.336000   -37.894368
v   201.597545   -91.611640   -20.423488
v   207.425895   -76.675380   -12.490288
v   194.226895  -104.414650   -30.113138
v   212.659545   -16.316950   -46.213378
v   209.911965   -38.967700   -46.972168
v   208.916475   -16.332240   -63.587828
v   209.324585   -59.688350   -28.973178
v   211.548585   -56.186990   -10.661058
v   200.208945   -60.184430   -63.641528
v   205.564065   -60.413070   -46.559018
v   214.171345   -11.004580   -28.046788
v   214.447975    -5.347760    -9.145718
v   213.704855   -31.267780    -9.475578
v   186.310125    31.548000  -111.630518
v   194.366115    28.598280   -96.466058
v   190.670915    11.604210  -108.234828
v   196.741925    43.165270   -80.969628
v   191.113685    60.830160   -79.226248
v   205.849395     5.998780   -76.355918
v   201.789415    25.162110   -80.785618
v   172.145095    85.119010  -106.166798
v   178.654975    66.823130  -108.415468
v   170.324685    67.799440  -121.394368
v   185.312985    64.232720   -94.175848
v   185.707875    78.342860   -77.215898
v   178.858535    31.865260  -125.425618
v   182.927315    49.249740  -110.766968
v   161.202775   105.855190  -107.082618
v   170.736645   102.475990   -93.606268
v   167.552605   118.940190   -81.340758
v   154.610905   138.846510   -83.506518
v   177.784705    98.440230   -78.687578
v   105.658125   162.090010  -105.930428
v   126.087465   145.555680  -107.076218
v   109.137845   147.764060  -117.947528
v   141.635305   142.651450   -95.907178
v   137.607325   156.638490   -83.392388
v   147.471665   108.876950  -118.641968
v   145.001565   126.473760  -107.532948
v    85.126115   174.495990  -104.347288
v   102.697755   173.378410   -92.284918
v    99.566985   182.419260   -77.588468
v    79.440055   191.893700   -74.995588
v   119.026065   170.752800   -80.993118
v    23.343275   195.903780  -109.794118
v    44.376635   190.506430  -108.608888
v    25.913395   187.282290  -123.128858
v    62.357505   192.042530   -91.792208
v    59.673685   199.149580   -76.523038
v    68.021025   173.384900  -119.485458
v    65.004915   183.579860  -106.192778
v     1.856175   200.654940  -107.586208
v    21.241795   203.669920   -95.420648
v    19.218665   210.222500   -80.358138
v    -0.893935   213.718960   -78.184508
v    39.467265   205.352510   -78.977188
v   -19.240455   196.686920  -111.237168
v   -19.650815   204.648420   -97.251368
v   -40.242875   207.198050   -82.669048
v   -61.058475   201.657210   -80.788398
v   -20.181675   211.144770   -82.674888
v   -91.000545   174.597180  -106.941188
v   -67.440135   184.178070  -109.438818
v   -69.242635   173.165090  -122.686338
v   -64.212165   193.662310   -95.287098
v   -83.109205   193.880690   -78.143688
v   -19.397905   187.414500  -124.537198
v   -42.935885   191.335530  -111.124788
v  -111.342865   161.576180  -105.469448
v  -107.826135   172.747160   -90.884918
v  -122.011815   169.022900   -74.454218
v  -138.967325   154.064970   -72.766368
v  -103.478575   182.564870   -76.248578
v  -156.238095   113.408780  -104.035218
v  -143.428545   130.771890  -104.405888
v  -143.654515   116.238220  -119.393848
v  -141.855885   143.205830   -88.610408
v  -153.487185   138.871750   -72.102948
v  -113.080475   149.274450  -120.021778
v  -128.511025   146.959960  -104.833328
v  -167.090525    95.319900  -104.414258
v  -167.819325   110.833600   -88.308798
v  -177.950765   107.809900   -72.588278
v  -186.919935    89.757980   -73.393758
v  -166.547685   123.816710   -72.217678
v  -182.990395    27.522120  -107.702768
v  -179.451175    51.683000  -107.582498
v  -173.533835    29.941690  -122.460218
v  -184.119695    71.806960   -90.861068
v  -192.326015    67.513110   -75.805608
v  -163.174065    75.765520  -121.210448
v  -174.421195    74.334840  -106.276478
v  -186.069675     0.980350  -105.363808
v  -191.042855    20.798900   -93.498268
v  -197.611565    12.804370   -79.459578
v  -199.186875   -13.259970   -76.679008
v  -195.604275    40.515150   -78.431738
v  -182.368315   -17.970720  -110.792278
v  -190.387405   -22.769800   -96.671928
v  -194.301065   -43.922600   -84.141358
v  -190.464105   -60.621530   -84.588038
v  -196.905275   -28.663590   -81.952318
v  -164.554755   -87.931940  -109.010568
v  -172.515475   -64.686770  -110.955888
v  -161.450565   -67.505180  -123.535228
v  -182.226985   -62.023740   -98.186718
v  -184.417205   -81.048150   -82.978778
v  -172.908565   -17.722240  -123.741468
v  -178.187005   -40.635110  -111.852108
v  -152.667105  -108.705760  -107.493088
v  -164.257005  -104.974250   -94.378818
v  -162.098865  -119.782910   -79.139948
v  -147.958825  -137.319400   -77.195078
v  -174.492235  -101.093070   -81.093388
v  -104.773845  -159.595570  -105.673308
v  -122.301715  -144.464980  -106.315568
v  -107.391935  -146.343990  -120.446288
v  -135.839375  -141.348750   -91.803608
v  -132.584865  -153.488440   -76.487498
v  -139.831255  -111.717820  -121.443408
v  -138.328245  -127.434470  -106.882978
v   -86.130965  -172.197780  -105.747178
v  -102.166755  -171.251590   -91.080158
v   -99.314055  -181.420690   -76.441338
v   -80.973415  -192.192330   -76.664348
v  -116.425585  -168.292440   -76.494438
v   -22.818455  -191.696160  -108.782018
v   -44.145255  -186.979350  -108.938248
v   -23.938715  -181.865080  -122.789258
v   -63.456895  -190.676280   -93.182848
v   -61.576975  -199.460040   -78.513218
v   -68.121345  -169.655170  -121.463308
v   -65.666775  -180.817480  -107.559508
v    -2.881805  -196.166070  -104.848368
v   -23.722285  -201.330950   -94.140128
v   -24.879155  -209.907890   -79.196708
v    -6.947195  -213.285800   -74.846218
v   -42.996005  -205.308060   -79.731188
v    19.402045  -191.186470  -108.399848
v    16.693005  -200.542260   -93.385448
v    35.617725  -203.653620   -78.053688
v    57.835775  -197.307820   -76.642838
v    13.832685  -209.014760   -78.218158
v    88.069375  -172.317690  -106.405188
v    65.452225  -180.666070  -107.832178
v    67.793435  -170.438310  -122.341918
v    61.886635  -189.473060   -92.398558
v    79.818365  -190.145760   -75.093968
v    20.882395  -181.937590  -122.959848
v    42.308755  -186.534960  -108.756858
v   109.017145  -159.410960  -106.246768
v   105.419015  -170.411620   -90.810488
v   120.801455  -166.557650   -75.247698
v   139.113465  -151.516560   -75.532238
v   100.957535  -179.586600   -74.863838
v   157.241125  -104.034350  -106.812108
v   143.540155  -123.936110  -106.717258
v   144.454545  -107.482300  -121.143488
v   141.905405  -138.822940   -91.355918
v   154.578205  -134.661990   -76.237558
v   111.415295  -145.778420  -120.894378
v   127.388055  -142.730290  -106.589618
v   168.095185   -83.823870  -107.573558
v   168.471025  -102.347600   -92.258518
v   178.066985  -101.017360   -77.733408
v   186.592895   -82.003930   -78.071948
v   167.360615  -118.066570   -77.288368
v   186.369965   -10.389740  -112.152388
v   181.815975   -35.167130  -111.971448
v   177.632755   -11.082150  -126.313488
v   184.967125   -59.671810   -95.275088
v   192.900635   -59.556370   -79.848438
v   165.772825   -62.086570  -123.839408
v   175.969685   -60.271250  -110.000488
v   195.060795   -12.323030   -96.555678
v   202.739045   -14.427160   -80.312478
v   198.403215   -36.723870   -80.926188
v   147.442855    18.375680  -157.792908
v   159.875245    22.397070  -147.751618
v   152.795895    -2.780200  -156.369218
v   165.909695    46.316160  -135.620228
v   159.311635    66.385680  -133.020198
v   173.490125     9.277230  -135.387298
v   170.206775    27.783680  -137.121138
v   114.791175    96.607970  -153.984508
v   128.610585    71.397830  -155.789018
v   110.930515    73.883800  -165.821998
v   144.963185    68.318150  -144.649098
v   148.201595    90.240420  -131.086508
v   132.461545    19.211960  -167.777788
v   139.438135    44.381800  -157.223198
v    96.937455   116.994460  -153.571758
v   114.787275   115.593120  -142.284838
v   112.552085   132.350880  -130.319648
v    92.124095   149.196100  -130.013448
v   131.786375   112.493160  -130.670508
v    38.766725   151.370600  -154.998418
v    59.362145   142.685710  -155.063548
v    40.120315   136.574560  -165.193778
v    76.145275   147.127350  -143.032398
v    72.363785   161.074920  -131.203958
v    78.581895   114.494470  -164.852328
v    78.633485   131.510420  -154.460568
v    15.320295   158.407080  -153.436308
v    34.706235   164.958590  -145.033508
v    30.170465   176.991370  -134.602458
v     6.835505   182.424770  -132.940868
v    51.783235   170.027800  -133.322528
v    -9.845725   151.019570  -156.242738
v   -12.887515   164.731890  -146.312298
v   -41.995705   169.702800  -135.727588
v   -67.973915   160.624670  -134.476158
v   -16.710795   176.852920  -135.946538
v   -92.833315   116.521050  -157.445108
v   -67.436855   130.537460  -157.706848
v   -67.819355   113.164880  -168.027018
v   -67.467165   146.437490  -146.273418
v   -93.632675   149.161890  -133.598358
v   -10.197745   136.014870  -166.340858
v   -38.758735   141.941540  -157.354798
v  -110.481485    98.628260  -157.978428
v  -112.536265   117.816170  -145.913778
v  -129.063615   117.692170  -133.359388
v  -141.794765    98.311260  -133.464808
v  -113.247765   134.581060  -133.510538
v  -137.319095    27.185980  -161.658718
v  -130.803045    52.167120  -161.386418
v  -123.585855    26.917510  -172.707868
v  -137.130465    76.304590  -147.950668
v  -150.605695    75.827600  -135.005858
v  -106.100555    75.841960  -170.186918
v  -122.173995    76.540580  -159.881278
v  -143.291975     2.870220  -158.977468
v  -150.622305    28.359740  -149.337308
v  -162.784165    29.613180  -136.298038
v  -167.303665     5.987590  -133.045978
v  -157.467155    52.910960  -136.338848
v  -136.911755   -23.184950  -162.623198
v  -150.160735   -21.323040  -150.072738
v  -156.395645   -44.932510  -137.644918
v  -149.076165   -70.110330  -136.963288
v  -162.203025   -19.406060  -136.995108
v  -109.216925   -94.867220  -163.438438
v  -120.904625   -72.832970  -164.156808
v  -105.191625   -72.876840  -175.657138
v  -135.581595   -71.832190  -150.892298
v  -139.392415   -93.356790  -136.221868
v  -123.122665   -24.359370  -174.471978
v  -129.891745   -48.602260  -163.963278
v   -93.353525  -112.950830  -162.943438
v  -110.215945  -113.968600  -149.926448
v  -109.354285  -131.015620  -135.548428
v   -91.207195  -146.013920  -134.824698
v  -125.673095  -113.401530  -136.045998
v   -33.124465  -146.458960  -159.818758
v   -54.792365  -137.886800  -161.629358
v   -33.888275  -131.709190  -171.809258
v   -73.717145  -142.838100  -148.988798
v   -71.367615  -157.190160  -134.882488
v   -74.478985  -109.624820  -174.719938
v   -74.985925  -126.828210  -162.682018
v    -9.213555  -153.260920  -156.668158
v   -30.259135  -159.728470  -147.928018
v   -26.997825  -171.448420  -135.723178
v    -3.374885  -176.421160  -132.613838
v   -49.653175  -165.324000  -135.745808
v    15.452865  -147.036380  -159.379458
v    17.023375  -160.229660  -148.105758
v    43.306695  -166.115710  -136.281558
v    67.958945  -158.360720  -135.234438
v    19.439355  -171.804890  -136.009378
v    97.457115  -114.219340  -156.449588
v    72.020495  -128.115650  -158.102928
v    73.821405  -111.032610  -167.887608
v    69.743915  -144.041450  -147.118888
v    93.292155  -146.896120  -133.898158
v    16.979945  -132.249420  -169.841708
v    43.721135  -138.879760  -159.335918
v   116.013005   -95.751090  -156.264258
v   115.627905  -113.780190  -145.324538
v   130.801075  -111.141840  -133.848058
v   144.787915   -89.985570  -134.014088
v   113.779625  -130.420040  -133.820308
v   146.143675   -28.462660  -158.680738
v   138.605575   -52.384140  -158.632318
v   132.830585   -31.383960  -168.319798
v   142.631685   -71.688050  -146.923178
v   154.729355   -67.191220  -135.649718
v   113.183885   -76.042180  -167.291808
v   128.831005   -74.897780  -157.644038
v   158.053185   -22.582070  -148.734428
v   168.502905   -16.274340  -138.149618
v   162.459865   -42.152710  -137.518528
v    79.640595    24.202140  -190.471718
v    98.929335    23.096280  -183.770528
v    90.890055    -1.755850  -189.329048
v   105.539525    48.700910  -175.755678
v    91.669275    74.382590  -174.452948
v   125.155065    -6.344840  -174.653538
v   116.377155    21.311680  -176.362888
v    24.564945    84.135060  -189.264178
v    44.922375    67.666010  -190.365988
v    21.260075    62.433990  -196.121468
v    68.986695    71.921540  -182.884608
v    73.813225    95.199030  -173.953738
v    58.419285    23.242580  -196.869558
v    63.859235    47.385830  -190.789198
v     4.275845    94.957880  -187.760298
v    30.312045   103.402080  -182.113518
v    36.204345   120.689720  -174.235288
v    14.988365   129.116930  -172.170528
v    55.449825   109.730780  -174.362858
v   -22.173835    83.598440  -190.444548
v   -18.544225   102.786950  -183.298378
v   -42.762025   108.646010  -176.613958
v   -68.891915    93.871200  -177.215088
v   -14.019265   120.064190  -175.374988
v   -77.731825    24.192570  -194.519338
v   -63.071965    46.708170  -194.000898
v   -58.202315    22.853010  -199.946418
v   -66.950635    70.919220  -186.153278
v   -88.396785    73.837620  -178.490358
v   -22.229895    62.124770  -197.242238
v   -44.379915    66.965410  -192.620338
v   -86.947925     0.249170  -194.301798
v   -94.646825    25.362520  -188.569038
v  -109.626665    26.366600  -181.468298
v  -116.450005     0.897880  -180.292708
v  -100.831485    50.836640  -180.400488
v   -77.319115   -23.618440  -196.578958
v   -94.236375   -24.227210  -190.674358
v  -100.210175   -48.814100  -184.448718
v   -88.023635   -71.407580  -184.296458
v  -109.213935   -24.576690  -183.542748
v   -23.808255   -81.606480  -196.402108
v   -44.145505   -65.495560  -197.747608
v   -21.486375   -61.050230  -201.823778
v   -66.917995   -68.986710  -191.720708
v   -70.828595   -90.990130  -184.053948
v   -57.627795   -22.667180  -201.753588
v   -62.529255   -45.736880  -197.756338
v    -2.267945   -92.492050  -193.497628
v   -27.466395   -99.891170  -189.702248
v   -31.273965  -116.374690  -181.651358
v    -8.728655  -125.011580  -177.683318
v   -51.748215  -105.356950  -183.405898
v    23.637015   -81.963820  -193.931288
v    22.218595  -100.382720  -187.020488
v    48.004825  -106.367830  -178.264498
v    74.021635   -92.444390  -176.723848
v    19.739735  -116.904030  -179.075538
v    80.782195   -24.565500  -191.255588
v    65.338145   -46.276420  -192.845788
v    59.233915   -22.578750  -198.181488
v    70.684335   -70.118950  -185.380868
v    94.120305   -73.456720  -176.146148
v    22.243705   -61.042160  -200.207778
v    46.070575   -65.949500  -193.779698
v   100.101305   -27.412120  -184.334808
v   117.372985   -30.186090  -176.843618
v   107.517445   -52.507740  -176.770718
v    -0.014605    18.755890  -205.832848
v    20.293785    21.524970  -203.955798
v    17.714075     0.011490  -206.027328
v    19.950815    42.468460  -200.867838
v    -0.502405    56.480730  -199.548038
v    53.243895     0.192660  -200.412268
v    39.613145    21.648230  -201.179058
v   -17.635345     0.011490  -207.011928
v   -20.220115    21.490080  -205.057608
v   -39.882855    21.478760  -203.335308
v   -52.523535    -0.027250  -203.342948
v   -20.539295    42.284390  -201.946618
v    -0.014605   -18.635400  -207.129448
v   -20.177475   -21.335440  -206.580458
v   -20.086305   -41.803630  -205.003088
v     0.186555   -55.578510  -203.560308
v   -39.370835   -21.324680  -204.961198
v    20.369225   -21.341120  -205.406498
v    40.180275   -21.219190  -202.650948
v    20.458905   -41.683540  -203.770308
f      1    403    405
f    103    404    403
f    105    405    404
f    403    404    405
f      2    406    408
f    104    407    406
f    103    408    407
f    406    407    408
f      3    409    411
f    105    410    409
f    104    411    410
f    409    410    411
f    103    407    404
f    104    410    407
f    105    404    410
f    407    410    404
f      1    405    413
f    105    412    405
f    107    413    412
f    405    412    413
f      3    414    409
f    106    415    414
f    105    409    415
f    414    415    409
f      4    416    418
f    107    417    416
f    106    418    417
f    416    417    418
f    105    415    412
f    106    417    415
f    107    412    417
f    415    417    412
f      1    413    420
f    107    419    413
f    109    420    419
f    413    419    420
f      4    421    416
f    108    422    421
f    107    416    422
f    421    422    416
f      5    423    425
f    109    424    423
f    108    425    424
f    423    424    425
f    107    422    419
f    108    424    422
f    109    419    424
f    422    424    419
f      1    420    403
f    109    426    420
f    103    403    426
f    420    426    403
f      5    427    423
f    110    428    427
f    109    423    428
f    427    428    423
f      2    408    430
f    103    429    408
f    110    430    429
f    408    429    430
f    109    428    426
f    110    429    428
f    103    426    429
f    428    429    426
f      2    431    433
f    111    432    431
f    113    433    432
f    431    432    433
f      6    434    436
f    112    435    434
f    111    436    435
f    434    435    436
f      7    437    439
f    113    438    437
f    112    439    438
f    437    438    439
f    111    435    432
f    112    438    435
f    113    432    438
f    435    438    432
f      7    440    437
f    114    441    440
f    113    437    441
f    440    441    437
f      3    411    443
f    104    442    411
f    114    443    442
f    411    442    443
f      2    433    406
f    113    444    433
f    104    406    444
f    433    444    406
f    114    442    441
f    104    444    442
f    113    441    444
f    442    444    441
f      3    443    446
f    114    445    443
f    116    446    445
f    443    445    446
f      7    447    440
f    115    448    447
f    114    440    448
f    447    448    440
f      8    449    451
f    116    450    449
f    115    451    450
f    449    450    451
f    114    448    445
f    115    450    448
f    116    445    450
f    448    450    445
f      3    446    453
f    116    452    446
f    118    453    452
f    446    452    453
f      8    454    449
f    117    455    454
f    116    449    455
f    454    455    449
f      9    456    458
f    118    457    456
f    117    458    457
f    456    457    458
f    116    455    452
f    117    457    455
f    118    452    457
f    455    457    452
f      9    459    456
f    119    460    459
f    118    456    460
f    459    460    456
f      4    418    462
f    106    461    418
f    119    462    461
f    418    461    462
f      3    453    414
f    118    463    453
f    106    414    463
f    453    463    414
f    119    461    460
f    106    463    461
f    118    460    463
f    461    463    460
f      4    462    465
f    119    464    462
f    121    465    464
f    462    464    465
f      9    466    459
f    120    467    466
f    119    459    467
f    466    467    459
f     10    468    470
f    121    469    468
f    120    470    469
f    468    469    470
f    119    467    464
f    120    469    467
f    121    464    469
f    467    469    464
f      4    465    472
f    121    471    465
f    123    472    471
f    465    471    472
f     10    473    468
f    122    474    473
f    121    468    474
f    473    474    468
f     11    475    477
f    123    476    475
f    122    477    476
f    475    476    477
f    121    474    471
f    122    476    474
f    123    471    476
f    474    476    471
f     11    478    475
f    124    479    478
f    123    475    479
f    478    479    475
f      5    425    481
f    108    480    425
f    124    481    480
f    425    480    481
f      4    472    421
f    123    482    472
f    108    421    482
f    472    482    421
f    124    480    479
f    108    482    480
f    123    479    482
f    480    482    479
f      5    481    484
f    124    483    481
f    126    484    483
f    481    483    484
f     11    485    478
f    125    486    485
f    124    478    486
f    485    486    478
f     12    487    489
f    126    488    487
f    125    489    488
f    487    488    489
f    124    486    483
f    125    488    486
f    126    483    488
f    486    488    483
f      5    484    491
f    126    490    484
f    128    491    490
f    484    490    491
f     12    492    487
f    127    493    492
f    126    487    493
f    492    493    487
f     13    494    496
f    128    495    494
f    127    496    495
f    494    495    496
f    126    493    490
f    127    495    493
f    128    490    495
f    493    495    490
f     13    497    494
f    129    498    497
f    128    494    498
f    497    498    494
f      2    430    500
f    110    499    430
f    129    500    499
f    430    499    500
f      5    491    427
f    128    501    491
f    110    427    501
f    491    501    427
f    129    499    498
f    110    501    499
f    128    498    501
f    499    501    498
f      2    500    431
f    129    502    500
f    111    431    502
f    500    502    431
f     13    503    497
f    130    504    503
f    129    497    504
f    503    504    497
f      6    436    506
f    111    505    436
f    130    506    505
f    436    505    506
f    129    504    502
f    130    505    504
f    111    502    505
f    504    505    502
f      6    507    509
f    131    508    507
f    133    509    508
f    507    508    509
f     14    510    512
f    132    511    510
f    131    512    511
f    510    511    512
f     15    513    515
f    133    514    513
f    132    515    514
f    513    514    515
f    131    511    508
f    132    514    511
f    133    508    514
f    511    514    508
f     15    516    513
f    134    517    516
f    133    513    517
f    516    517    513
f      7    439    519
f    112    518    439
f    134    519    518
f    439    518    519
f      6    509    434
f    133    520    509
f    112    434    520
f    509    520    434
f    134    518    517
f    112    520    518
f    133    517    520
f    518    520    517
f      7    519    522
f    134    521    519
f    136    522    521
f    519    521    522
f     15    523    516
f    135    524    523
f    134    516    524
f    523    524    516
f     16    525    527
f    136    526    525
f    135    527    526
f    525    526    527
f    134    524    521
f    135    526    524
f    136    521    526
f    524    526    521
f     16    528    525
f    137    529    528
f    136    525    529
f    528    529    525
f      8    451    531
f    115    530    451
f    137    531    530
f    451    530    531
f      7    522    447
f    136    532    522
f    115    447    532
f    522    532    447
f    137    530    529
f    115    532    530
f    136    529    532
f    530    532    529
f      8    531    534
f    137    533    531
f    139    534    533
f    531    533    534
f     16    535    528
f    138    536    535
f    137    528    536
f    535    536    528
f     17    537    539
f    139    538    537
f    138    539    538
f    537    538    539
f    137    536    533
f    138    538    536
f    139    533    538
f    536    538    533
f      8    534    541
f    139    540    534
f    141    541    540
f    534    540    541
f     17    542    537
f    140    543    542
f    139    537    543
f    542    543    537
f     18    544    546
f    141    545    544
f    140    546    545
f    544    545    546
f    139    543    540
f    140    545    543
f    141    540    545
f    543    545    540
f     18    547    544
f    142    548    547
f    141    544    548
f    547    548    544
f      9    458    550
f    117    549    458
f    142    550    549
f    458    549    550
f      8    541    454
f    141    551    541
f    117    454    551
f    541    551    454
f    142    549    548
f    117    551    549
f    141    548    551
f    549    551    548
f      9    550    553
f    142    552    550
f    144    553    552
f    550    552    553
f     18    554    547
f    143    555    554
f    142    547    555
f    554    555    547
f     19    556    558
f    144    557    556
f    143    558    557
f    556    557    558
f    142    555    552
f    143    557    555
f    144    552    557
f    555    557    552
f     19    559    556
f    145    560    559
f    144    556    560
f    559    560    556
f     10    470    562
f    120    561    470
f    145    562    561
f    470    561    562
f      9    553    466
f    144    563    553
f    120    466    563
f    553    563    466
f    145    561    560
f    120    563    561
f    144    560    563
f    561    563    560
f     10    562    565
f    145    564    562
f    147    565    564
f    562    564    565
f     19    566    559
f    146    567    566
f    145    559    567
f    566    567    559
f     20    568    570
f    147    569    568
f    146    570    569
f    568    569    570
f    145    567    564
f    146    569    567
f    147    564    569
f    567    569    564
f     10    565    572
f    147    571    565
f    149    572    571
f    565    571    572
f     20    573    568
f    148    574    573
f    147    568    574
f    573    574    568
f     21    575    577
f    149    576    575
f    148    577    576
f    575    576    577
f    147    574    571
f    148    576    574
f    149    571    576
f    574    576    571
f     21    578    575
f    150    579    578
f    149    575    579
f    578    579    575
f     11    477    581
f    122    580    477
f    150    581    580
f    477    580    581
f     10    572    473
f    149    582    572
f    122    473    582
f    572    582    473
f    150    580    579
f    122    582    580
f    149    579    582
f    580    582    579
f     11    581    584
f    150    583    581
f    152    584    583
f    581    583    584
f     21    585    578
f    151    586    585
f    150    578    586
f    585    586    578
f     22    587    589
f    152    588    587
f    151    589    588
f    587    588    589
f    150    586    583
f    151    588    586
f    152    583    588
f    586    588    583
f     22    590    587
f    153    591    590
f    152    587    591
f    590    591    587
f     12    489    593
f    125    592    489
f    153    593    592
f    489    592    593
f     11    584    485
f    152    594    584
f    125    485    594
f    584    594    485
f    153    592    591
f    125    594    592
f    152    591    594
f    592    594    591
f     12    593    596
f    153    595    593
f    155    596    595
f    593    595    596
f     22    597    590
f    154    598    597
f    153    590    598
f    597    598    590
f     23    599    601
f    155    600    599
f    154    601    600
f    599    600    601
f    153    598    595
f    154    600    598
f    155    595    600
f    598    600    595
f     12    596    603
f    155    602    596
f    157    603    602
f    596    602    603
f     23    604    599
f    156    605    604
f    155    599    605
f    604    605    599
f     24    606    608
f    157    607    606
f    156    608    607
f    606    607    608
f    155    605    602
f    156    607    605
f    157    602    607
f    605    607    602
f     24    609    606
f    158    610    609
f    157    606    610
f    609    610    606
f     13    496    612
f    127    611    496
f    158    612    611
f    496    611    612
f     12    603    492
f    157    613    603
f    127    492    613
f    603    613    492
f    158    611    610
f    127    613    611
f    157    610    613
f    611    613    610
f     13    612    615
f    158    614    612
f    160    615    614
f    612    614    615
f     24    616    609
f    159    617    616
f    158    609    617
f    616    617    609
f     25    618    620
f    160    619    618
f    159    620    619
f    618    619    620
f    158    617    614
f    159    619    617
f    160    614    619
f    617    619    614
f     25    621    618
f    161    622    621
f    160    618    622
f    621    622    618
f      6    506    624
f    130    623    506
f    161    624    623
f    506    623    624
f     13    615    503
f    160    625    615
f    130    503    625
f    615    625    503
f    161    623    622
f    130    625    623
f    160    622    625
f    623    625    622
f      6    624    507
f    161    626    624
f    131    507    626
f    624    626    507
f     25    627    621
f    162    628    627
f    161    621    628
f    627    628    621
f     14    512    630
f    131    629    512
f    162    630    629
f    512    629    630
f    161    628    626
f    162    629    628
f    131    626    629
f    628    629    626
f     14    631    633
f    163    632    631
f    165    633    632
f    631    632    633
f     26    634    636
f    164    635    634
f    163    636    635
f    634    635    636
f     27    637    639
f    165    638    637
f    164    639    638
f    637    638    639
f    163    635    632
f    164    638    635
f    165    632    638
f    635    638    632
f     27    640    637
f    166    641    640
f    165    637    641
f    640    641    637
f     15    515    643
f    132    642    515
f    166    643    642
f    515    642    643
f     14    633    510
f    165    644    633
f    132    510    644
f    633    644    510
f    166    642    641
f    132    644    642
f    165    641    644
f    642    644    641
f     15    643    646
f    166    645    643
f    168    646    645
f    643    645    646
f     27    647    640
f    167    648    647
f    166    640    648
f    647    648    640
f     28    649    651
f    168    650    649
f    167    651    650
f    649    650    651
f    166    648    645
f    167    650    648
f    168    645    650
f    648    650    645
f     28    652    649
f    169    653    652
f    168    649    653
f    652    653    649
f     16    527    655
f    135    654    527
f    169    655    654
f    527    654    655
f     15    646    523
f    168    656    646
f    135    523    656
f    646    656    523
f    169    654    653
f    135    656    654
f    168    653    656
f    654    656    653
f     16    655    658
f    169    657    655
f    171    658    657
f    655    657    658
f     28    659    652
f    170    660    659
f    169    652    660
f    659    660    652
f     29    661    663
f    171    662    661
f    170    663    662
f    661    662    663
f    169    660    657
f    170    662    660
f    171    657    662
f    660    662    657
f     29    664    661
f    172    665    664
f    171    661    665
f    664    665    661
f     17    539    667
f    138    666    539
f    172    667    666
f    539    666    667
f     16    658    535
f    171    668    658
f    138    535    668
f    658    668    535
f    172    666    665
f    138    668    666
f    171    665    668
f    666    668    665
f     17    667    670
f    172    669    667
f    174    670    669
f    667    669    670
f     29    671    664
f    173    672    671
f    172    664    672
f    671    672    664
f     30    673    675
f    174    674    673
f    173    675    674
f    673    674    675
f    172    672    669
f    173    674    672
f    174    669    674
f    672    674    669
f     17    670    677
f    174    676    670
f    176    677    676
f    670    676    677
f     30    678    673
f    175    679    678
f    174    673    679
f    678    679    673
f     31    680    682
f    176    681    680
f    175    682    681
f    680    681    682
f    174    679    676
f    175    681    679
f    176    676    681
f    679    681    676
f     31    683    680
f    177    684    683
f    176    680    684
f    683    684    680
f     18    546    686
f    140    685    546
f    177    686    685
f    546    685    686
f     17    677    542
f    176    687    677
f    140    542    687
f    677    687    542
f    177    685    684
f    140    687    685
f    176    684    687
f    685    687    684
f     18    686    689
f    177    688    686
f    179    689    688
f    686    688    689
f     31    690    683
f    178    691    690
f    177    683    691
f    690    691    683
f     32    692    694
f    179    693    692
f    178    694    693
f    692    693    694
f    177    691    688
f    178    693    691
f    179    688    693
f    691    693    688
f     32    695    692
f    180    696    695
f    179    692    696
f    695    696    692
f     19    558    698
f    143    697    558
f    180    698    697
f    558    697    698
f     18    689    554
f    179    699    689
f    143    554    699
f    689    699    554
f    180    697    696
f    143    699    697
f    179    696    699
f    697    699    696
f     19    698    701
f    180    700    698
f    182    701    700
f    698    700    701
f     32    702    695
f    181    703    702
f    180    695    703
f    702    703    695
f     33    704    706
f    182    705    704
f    181    706    705
f    704    705    706
f    180    703    700
f    181    705    703
f    182    700    705
f    703    705    700
f     33    707    704
f    183    708    707
f    182    704    708
f    707    708    704
f     20    570    710
f    146    709    570
f    183    710    709
f    570    709    710
f     19    701    566
f    182    711    701
f    146    566    711
f    701    711    566
f    183    709    708
f    146    711    709
f    182    708    711
f    709    711    708
f     20    710    713
f    183    712    710
f    185    713    712
f    710    712    713
f     33    714    707
f    184    715    714
f    183    707    715
f    714    715    707
f     34    716    718
f    185    717    716
f    184    718    717
f    716    717    718
f    183    715    712
f    184    717    715
f    185    712    717
f    715    717    712
f     20    713    720
f    185    719    713
f    187    720    719
f    713    719    720
f     34    721    716
f    186    722    721
f    185    716    722
f    721    722    716
f     35    723    725
f    187    724    723
f    186    725    724
f    723    724    725
f    185    722    719
f    186    724    722
f    187    719    724
f    722    724    719
f     35    726    723
f    188    727    726
f    187    723    727
f    726    727    723
f     21    577    729
f    148    728    577
f    188    729    728
f    577    728    729
f     20    720    573
f    187    730    720
f    148    573    730
f    720    730    573
f    188    728    727
f    148    730    728
f    187    727    730
f    728    730    727
f     21    729    732
f    188    731    729
f    190    732    731
f    729    731    732
f     35    733    726
f    189    734    733
f    188    726    734
f    733    734    726
f     36    735    737
f    190    736    735
f    189    737    736
f    735    736    737
f    188    734    731
f    189    736    734
f    190    731    736
f    734    736    731
f     36    738    735
f    191    739    738
f    190    735    739
f    738    739    735
f     22    589    741
f    151    740    589
f    191    741    740
f    589    740    741
f     21    732    585
f    190    742    732
f    151    585    742
f    732    742    585
f    191    740    739
f    151    742    740
f    190    739    742
f    740    742    739
f     22    741    744
f    191    743    741
f    193    744    743
f    741    743    744
f     36    745    738
f    192    746    745
f    191    738    746
f    745    746    738
f     37    747    749
f    193    748    747
f    192    749    748
f    747    748    749
f    191    746    743
f    192    748    746
f    193    743    748
f    746    748    743
f     37    750    747
f    194    751    750
f    193    747    751
f    750    751    747
f     23    601    753
f    154    752    601
f    194    753    752
f    601    752    753
f     22    744    597
f    193    754    744
f    154    597    754
f    744    754    597
f    194    752    751
f    154    754    752
f    193    751    754
f    752    754    751
f     23    753    756
f    194    755    753
f    196    756    755
f    753    755    756
f     37    757    750
f    195    758    757
f    194    750    758
f    757    758    750
f     38    759    761
f    196    760    759
f    195    761    760
f    759    760    761
f    194    758    755
f    195    760    758
f    196    755    760
f    758    760    755
f     23    756    763
f    196    762    756
f    198    763    762
f    756    762    763
f     38    764    759
f    197    765    764
f    196    759    765
f    764    765    759
f     39    766    768
f    198    767    766
f    197    768    767
f    766    767    768
f    196    765    762
f    197    767    765
f    198    762    767
f    765    767    762
f     39    769    766
f    199    770    769
f    198    766    770
f    769    770    766
f     24    608    772
f    156    771    608
f    199    772    771
f    608    771    772
f     23    763    604
f    198    773    763
f    156    604    773
f    763    773    604
f    199    771    770
f    156    773    771
f    198    770    773
f    771    773    770
f     24    772    775
f    199    774    772
f    201    775    774
f    772    774    775
f     39    776    769
f    200    777    776
f    199    769    777
f    776    777    769
f     40    778    780
f    201    779    778
f    200    780    779
f    778    779    780
f    199    777    774
f    200    779    777
f    201    774    779
f    777    779    774
f     40    781    778
f    202    782    781
f    201    778    782
f    781    782    778
f     25    620    784
f    159    783    620
f    202    784    783
f    620    783    784
f     24    775    616
f    201    785    775
f    159    616    785
f    775    785    616
f    202    783    782
f    159    785    783
f    201    782    785
f    783    785    782
f     25    784    787
f    202    786    784
f    204    787    786
f    784    786    787
f     40    788    781
f    203    789    788
f    202    781    789
f    788    789    781
f     41    790    792
f    204    791    790
f    203    792    791
f    790    791    792
f    202    789    786
f    203    791    789
f    204    786    791
f    789    791    786
f     41    793    790
f    205    794    793
f    204    790    794
f    793    794    790
f     14    630    796
f    162    795    630
f    205    796    795
f    630    795    796
f     25    787    627
f    204    797    787
f    162    627    797
f    787    797    627
f    205    795    794
f    162    797    795
f    204    794    797
f    795    797    794
f     14    796    631
f    205    798    796
f    163    631    798
f    796    798    631
f     41    799    793
f    206    800    799
f    205    793    800
f    799    800    793
f     26    636    802
f    163    801    636
f    206    802    801
f    636    801    802
f    205    800    798
f    206    801    800
f    163    798    801
f    800    801    798
f     26    803    805
f    207    804    803
f    209    805    804
f    803    804    805
f     42    806    808
f    208    807    806
f    207    808    807
f    806    807    808
f     43    809    811
f    209    810    809
f    208    811    810
f    809    810    811
f    207    807    804
f    208    810    807
f    209    804    810
f    807    810    804
f     43    812    809
f    210    813    812
f    209    809    813
f    812    813    809
f     27    639    815
f    164    814    639
f    210    815    814
f    639    814    815
f     26    805    634
f    209    816    805
f    164    634    816
f    805    816    634
f    210    814    813
f    164    816    814
f    209    813    816
f    814    816    813
f     27    815    818
f    210    817    815
f    212    818    817
f    815    817    818
f     43    819    812
f    211    820    819
f    210    812    820
f    819    820    812
f     44    821    823
f    212    822    821
f    211    823    822
f    821    822    823
f    210    820    817
f    211    822    820
f    212    817    822
f    820    822    817
f     44    824    821
f    213    825    824
f    212    821    825
f    824    825    821
f     28    651    827
f    167    826    651
f    213    827    826
f    651    826    827
f     27    818    647
f    212    828    818
f    167    647    828
f    818    828    647
f    213    826    825
f    167    828    826
f    212    825    828
f    826    828    825
f     28    827    830
f    213    829    827
f    215    830    829
f    827    829    830
f     44    831    824
f    214    832    831
f    213    824    832
f    831    832    824
f     45    833    835
f    215    834    833
f    214    835    834
f    833    834    835
f    213    832    829
f    214    834    832
f    215    829    834
f    832    834    829
f     45    836    833
f    216    837    836
f    215    833    837
f    836    837    833
f     29    663    839
f    170    838    663
f    216    839    838
f    663    838    839
f     28    830    659
f    215    840    830
f    170    659    840
f    830    840    659
f    216    838    837
f    170    840    838
f    215    837    840
f    838    840    837
f     29    839    842
f    216    841    839
f    218    842    841
f    839    841    842
f     45    843    836
f    217    844    843
f    216    836    844
f    843    844    836
f     46    845    847
f    218    846    845
f    217    847    846
f    845    846    847
f    216    844    841
f    217    846    844
f    218    841    846
f    844    846    841
f     46    848    845
f    219    849    848
f    218    845    849
f    848    849    845
f     30    675    851
f    173    850    675
f    219    851    850
f    675    850    851
f     29    842    671
f    218    852    842
f    173    671    852
f    842    852    671
f    219    850    849
f    173    852    850
f    218    849    852
f    850    852    849
f     30    851    854
f    219    853    851
f    221    854    853
f    851    853    854
f     46    855    848
f    220    856    855
f    219    848    856
f    855    856    848
f     47    857    859
f    221    858    857
f    220    859    858
f    857    858    859
f    219    856    853
f    220    858    856
f    221    853    858
f    856    858    853
f     30    854    861
f    221    860    854
f    223    861    860
f    854    860    861
f     47    862    857
f    222    863    862
f    221    857    863
f    862    863    857
f     48    864    866
f    223    865    864
f    222    866    865
f    864    865    866
f    221    863    860
f    222    865    863
f    223    860    865
f    863    865    860
f     48    867    864
f    224    868    867
f    223    864    868
f    867    868    864
f     31    682    870
f    175    869    682
f    224    870    869
f    682    869    870
f     30    861    678
f    223    871    861
f    175    678    871
f    861    871    678
f    224    869    868
f    175    871    869
f    223    868    871
f    869    871    868
f     31    870    873
f    224    872    870
f    226    873    872
f    870    872    873
f     48    874    867
f    225    875    874
f    224    867    875
f    874    875    867
f     49    876    878
f    226    877    876
f    225    878    877
f    876    877    878
f    224    875    872
f    225    877    875
f    226    872    877
f    875    877    872
f     49    879    876
f    227    880    879
f    226    876    880
f    879    880    876
f     32    694    882
f    178    881    694
f    227    882    881
f    694    881    882
f     31    873    690
f    226    883    873
f    178    690    883
f    873    883    690
f    227    881    880
f    178    883    881
f    226    880    883
f    881    883    880
f     32    882    885
f    227    884    882
f    229    885    884
f    882    884    885
f     49    886    879
f    228    887    886
f    227    879    887
f    886    887    879
f     50    888    890
f    229    889    888
f    228    890    889
f    888    889    890
f    227    887    884
f    228    889    887
f    229    884    889
f    887    889    884
f     50    891    888
f    230    892    891
f    229    888    892
f    891    892    888
f     33    706    894
f    181    893    706
f    230    894    893
f    706    893    894
f     32    885    702
f    229    895    885
f    181    702    895
f    885    895    702
f    230    893    892
f    181    895    893
f    229    892    895
f    893    895    892
f     33    894    897
f    230    896    894
f    232    897    896
f    894    896    897
f     50    898    891
f    231    899    898
f    230    891    899
f    898    899    891
f     51    900    902
f    232    901    900
f    231    902    901
f    900    901    902
f    230    899    896
f    231    901    899
f    232    896    901
f    899    901    896
f     51    903    900
f    233    904    903
f    232    900    904
f    903    904    900
f     34    718    906
f    184    905    718
f    233    906    905
f    718    905    906
f     33    897    714
f    232    907    897
f    184    714    907
f    897    907    714
f    233    905    904
f    184    907    905
f    232    904    907
f    905    907    904
f     34    906    909
f    233    908    906
f    235    909    908
f    906    908    909
f     51    910    903
f    234    911    910
f    233    903    911
f    910    911    903
f     52    912    914
f    235    913    912
f    234    914    913
f    912    913    914
f    233    911    908
f    234    913    911
f    235    908    913
f    911    913    908
f     34    909    916
f    235    915    909
f    237    916    915
f    909    915    916
f     52    917    912
f    236    918    917
f    235    912    918
f    917    918    912
f     53    919    921
f    237    920    919
f    236    921    920
f    919    920    921
f    235    918    915
f    236    920    918
f    237    915    920
f    918    920    915
f     53    922    919
f    238    923    922
f    237    919    923
f    922    923    919
f     35    725    925
f    186    924    725
f    238    925    924
f    725    924    925
f     34    916    721
f    237    926    916
f    186    721    926
f    916    926    721
f    238    924    923
f    186    926    924
f    237    923    926
f    924    926    923
f     35    925    928
f    238    927    925
f    240    928    927
f    925    927    928
f     53    929    922
f    239    930    929
f    238    922    930
f    929    930    922
f     54    931    933
f    240    932    931
f    239    933    932
f    931    932    933
f    238    930    927
f    239    932    930
f    240    927    932
f    930    932    927
f     54    934    931
f    241    935    934
f    240    931    935
f    934    935    931
f     36    737    937
f    189    936    737
f    241    937    936
f    737    936    937
f     35    928    733
f    240    938    928
f    189    733    938
f    928    938    733
f    241    936    935
f    189    938    936
f    240    935    938
f    936    938    935
f     36    937    940
f    241    939    937
f    243    940    939
f    937    939    940
f     54    941    934
f    242    942    941
f    241    934    942
f    941    942    934
f     55    943    945
f    243    944    943
f    242    945    944
f    943    944    945
f    241    942    939
f    242    944    942
f    243    939    944
f    942    944    939
f     55    946    943
f    244    947    946
f    243    943    947
f    946    947    943
f     37    749    949
f    192    948    749
f    244    949    948
f    749    948    949
f     36    940    745
f    243    950    940
f    192    745    950
f    940    950    745
f    244    948    947
f    192    950    948
f    243    947    950
f    948    950    947
f     37    949    952
f    244    951    949
f    246    952    951
f    949    951    952
f     55    953    946
f    245    954    953
f    244    946    954
f    953    954    946
f     56    955    957
f    246    956    955
f    245    957    956
f    955    956    957
f    244    954    951
f    245    956    954
f    246    951    956
f    954    956    951
f     56    958    955
f    247    959    958
f    246    955    959
f    958    959    955
f     38    761    961
f    195    960    761
f    247    961    960
f    761    960    961
f     37    952    757
f    246    962    952
f    195    757    962
f    952    962    757
f    247    960    959
f    195    962    960
f    246    959    962
f    960    962    959
f     38    961    964
f    247    963    961
f    249    964    963
f    961    963    964
f     56    965    958
f    248    966    965
f    247    958    966
f    965    966    958
f     57    967    969
f    249    968    967
f    248    969    968
f    967    968    969
f    247    966    963
f    248    968    966
f    249    963    968
f    966    968    963
f     38    964    971
f    249    970    964
f    251    971    970
f    964    970    971
f     57    972    967
f    250    973    972
f    249    967    973
f    972    973    967
f     58    974    976
f    251    975    974
f    250    976    975
f    974    975    976
f    249    973    970
f    250    975    973
f    251    970    975
f    973    975    970
f     58    977    974
f    252    978    977
f    251    974    978
f    977    978    974
f     39    768    980
f    197    979    768
f    252    980    979
f    768    979    980
f     38    971    764
f    251    981    971
f    197    764    981
f    971    981    764
f    252    979    978
f    197    981    979
f    251    978    981
f    979    981    978
f     39    980    983
f    252    982    980
f    254    983    982
f    980    982    983
f     58    984    977
f    253    985    984
f    252    977    985
f    984    985    977
f     59    986    988
f    254    987    986
f    253    988    987
f    986    987    988
f    252    985    982
f    253    987    985
f    254    982    987
f    985    987    982
f     59    989    986
f    255    990    989
f    254    986    990
f    989    990    986
f     40    780    992
f    200    991    780
f    255    992    991
f    780    991    992
f     39    983    776
f    254    993    983
f    200    776    993
f    983    993    776
f    255    991    990
f    200    993    991
f    254    990    993
f    991    993    990
f     40    992    995
f    255    994    992
f    257    995    994
f    992    994    995
f     59    996    989
f    256    997    996
f    255    989    997
f    996    997    989
f     60    998   1000
f    257    999    998
f    256   1000    999
f    998    999   1000
f    255    997    994
f    256    999    997
f    257    994    999
f    997    999    994
f     60   1001    998
f    258   1002   1001
f    257    998   1002
f   1001   1002    998
f     41    792   1004
f    203   1003    792
f    258   1004   1003
f    792   1003   1004
f     40    995    788
f    257   1005    995
f    203    788   1005
f    995   1005    788
f    258   1003   1002
f    203   1005   1003
f    257   1002   1005
f   1003   1005   1002
f     41   1004   1007
f    258   1006   1004
f    260   1007   1006
f   1004   1006   1007
f     60   1008   1001
f    259   1009   1008
f    258   1001   1009
f   1008   1009   1001
f     61   1010   1012
f    260   1011   1010
f    259   1012   1011
f   1010   1011   1012
f    258   1009   1006
f    259   1011   1009
f    260   1006   1011
f   1009   1011   1006
f     61   1013   1010
f    261   1014   1013
f    260   1010   1014
f   1013   1014   1010
f     26    802   1016
f    206   1015    802
f    261   1016   1015
f    802   1015   1016
f     41   1007    799
f    260   1017   1007
f    206    799   1017
f   1007   1017    799
f    261   1015   1014
f    206   1017   1015
f    260   1014   1017
f   1015   1017   1014
f     26   1016    803
f    261   1018   1016
f    207    803   1018
f   1016   1018    803
f     61   1019   1013
f    262   1020   1019
f    261   1013   1020
f   1019   1020   1013
f     42    808   1022
f    207   1021    808
f    262   1022   1021
f    808   1021   1022
f    261   1020   1018
f    262   1021   1020
f    207   1018   1021
f   1020   1021   1018
f     62   1023   1025
f    263   1024   1023
f    264   1025   1024
f   1023   1024   1025
f     43    811   1027
f    208   1026    811
f    263   1027   1026
f    811   1026   1027
f     42   1028    806
f    264   1029   1028
f    208    806   1029
f   1028   1029    806
f    263   1026   1024
f    208   1029   1026
f    264   1024   1029
f   1026   1029   1024
f     63   1030   1032
f    265   1031   1030
f    266   1032   1031
f   1030   1031   1032
f     43   1027   1034
f    263   1033   1027
f    265   1034   1033
f   1027   1033   1034
f     62   1035   1023
f    266   1036   1035
f    263   1023   1036
f   1035   1036   1023
f    265   1033   1031
f    263   1036   1033
f    266   1031   1036
f   1033   1036   1031
f     63   1037   1030
f    267   1038   1037
f    265   1030   1038
f   1037   1038   1030
f     44    823   1040
f    211   1039    823
f    267   1040   1039
f    823   1039   1040
f     43   1034    819
f    265   1041   1034
f    211    819   1041
f   1034   1041    819
f    267   1039   1038
f    211   1041   1039
f    265   1038   1041
f   1039   1041   1038
f     64   1042   1044
f    268   1043   1042
f    269   1044   1043
f   1042   1043   1044
f     44   1040   1046
f    267   1045   1040
f    268   1046   1045
f   1040   1045   1046
f     63   1047   1037
f    269   1048   1047
f    267   1037   1048
f   1047   1048   1037
f    268   1045   1043
f    267   1048   1045
f    269   1043   1048
f   1045   1048   1043
f     64   1049   1042
f    270   1050   1049
f    268   1042   1050
f   1049   1050   1042
f     45    835   1052
f    214   1051    835
f    270   1052   1051
f    835   1051   1052
f     44   1046    831
f    268   1053   1046
f    214    831   1053
f   1046   1053    831
f    270   1051   1050
f    214   1053   1051
f    268   1050   1053
f   1051   1053   1050
f     65   1054   1056
f    271   1055   1054
f    272   1056   1055
f   1054   1055   1056
f     45   1052   1058
f    270   1057   1052
f    271   1058   1057
f   1052   1057   1058
f     64   1059   1049
f    272   1060   1059
f    270   1049   1060
f   1059   1060   1049
f    271   1057   1055
f    270   1060   1057
f    272   1055   1060
f   1057   1060   1055
f     65   1061   1054
f    273   1062   1061
f    271   1054   1062
f   1061   1062   1054
f     46    847   1064
f    217   1063    847
f    273   1064   1063
f    847   1063   1064
f     45   1058    843
f    271   1065   1058
f    217    843   1065
f   1058   1065    843
f    273   1063   1062
f    217   1065   1063
f    271   1062   1065
f   1063   1065   1062
f     66   1066   1068
f    274   1067   1066
f    275   1068   1067
f   1066   1067   1068
f     46   1064   1070
f    273   1069   1064
f    274   1070   1069
f   1064   1069   1070
f     65   1071   1061
f    275   1072   1071
f    273   1061   1072
f   1071   1072   1061
f    274   1069   1067
f    273   1072   1069
f    275   1067   1072
f   1069   1072   1067
f     66   1073   1066
f    276   1074   1073
f    274   1066   1074
f   1073   1074   1066
f     47    859   1076
f    220   1075    859
f    276   1076   1075
f    859   1075   1076
f     46   1070    855
f    274   1077   1070
f    220    855   1077
f   1070   1077    855
f    276   1075   1074
f    220   1077   1075
f    274   1074   1077
f   1075   1077   1074
f     66   1078   1073
f    277   1079   1078
f    276   1073   1079
f   1078   1079   1073
f     48    866   1081
f    222   1080    866
f    277   1081   1080
f    866   1080   1081
f     47   1076    862
f    276   1082   1076
f    222    862   1082
f   1076   1082    862
f    277   1080   1079
f    222   1082   1080
f    276   1079   1082
f   1080   1082   1079
f     67   1083   1085
f    278   1084   1083
f    279   1085   1084
f   1083   1084   1085
f     48   1081   1087
f    277   1086   1081
f    278   1087   1086
f   1081   1086   1087
f     66   1088   1078
f    279   1089   1088
f    277   1078   1089
f   1088   1089   1078
f    278   1086   1084
f    277   1089   1086
f    279   1084   1089
f   1086   1089   1084
f     67   1090   1083
f    280   1091   1090
f    278   1083   1091
f   1090   1091   1083
f     49    878   1093
f    225   1092    878
f    280   1093   1092
f    878   1092   1093
f     48   1087    874
f    278   1094   1087
f    225    874   1094
f   1087   1094    874
f    280   1092   1091
f    225   1094   1092
f    278   1091   1094
f   1092   1094   1091
f     68   1095   1097
f    281   1096   1095
f    282   1097   1096
f   1095   1096   1097
f     49   1093   1099
f    280   1098   1093
f    281   1099   1098
f   1093   1098   1099
f     67   1100   1090
f    282   1101   1100
f    280   1090   1101
f   1100   1101   1090
f    281   1098   1096
f    280   1101   1098
f    282   1096   1101
f   1098   1101   1096
f     68   1102   1095
f    283   1103   1102
f    281   1095   1103
f   1102   1103   1095
f     50    890   1105
f    228   1104    890
f    283   1105   1104
f    890   1104   1105
f     49   1099    886
f    281   1106   1099
f    228    886   1106
f   1099   1106    886
f    283   1104   1103
f    228   1106   1104
f    281   1103   1106
f   1104   1106   1103
f     69   1107   1109
f    284   1108   1107
f    285   1109   1108
f   1107   1108   1109
f     50   1105   1111
f    283   1110   1105
f    284   1111   1110
f   1105   1110   1111
f     68   1112   1102
f    285   1113   1112
f    283   1102   1113
f   1112   1113   1102
f    284   1110   1108
f    283   1113   1110
f    285   1108   1113
f   1110   1113   1108
f     69   1114   1107
f    286   1115   1114
f    284   1107   1115
f   1114   1115   1107
f     51    902   1117
f    231   1116    902
f    286   1117   1116
f    902   1116   1117
f     50   1111    898
f    284   1118   1111
f    231    898   1118
f   1111   1118    898
f    286   1116   1115
f    231   1118   1116
f    284   1115   1118
f   1116   1118   1115
f     70   1119   1121
f    287   1120   1119
f    288   1121   1120
f   1119   1120   1121
f     51   1117   1123
f    286   1122   1117
f    287   1123   1122
f   1117   1122   1123
f     69   1124   1114
f    288   1125   1124
f    286   1114   1125
f   1124   1125   1114
f    287   1122   1120
f    286   1125   1122
f    288   1120   1125
f   1122   1125   1120
f     70   1126   1119
f    289   1127   1126
f    287   1119   1127
f   1126   1127   1119
f     52    914   1129
f    234   1128    914
f    289   1129   1128
f    914   1128   1129
f     51   1123    910
f    287   1130   1123
f    234    910   1130
f   1123   1130    910
f    289   1128   1127
f    234   1130   1128
f    287   1127   1130
f   1128   1130   1127
f     70   1131   1126
f    290   1132   1131
f    289   1126   1132
f   1131   1132   1126
f     53    921   1134
f    236   1133    921
f    290   1134   1133
f    921   1133   1134
f     52   1129    917
f    289   1135   1129
f    236    917   1135
f   1129   1135    917
f    290   1133   1132
f    236   1135   1133
f    289   1132   1135
f   1133   1135   1132
f     71   1136   1138
f    291   1137   1136
f    292   1138   1137
f   1136   1137   1138
f     53   1134   1140
f    290   1139   1134
f    291   1140   1139
f   1134   1139   1140
f     70   1141   1131
f    292   1142   1141
f    290   1131   1142
f   1141   1142   1131
f    291   1139   1137
f    290   1142   1139
f    292   1137   1142
f   1139   1142   1137
f     71   1143   1136
f    293   1144   1143
f    291   1136   1144
f   1143   1144   1136
f     54    933   1146
f    239   1145    933
f    293   1146   1145
f    933   1145   1146
f     53   1140    929
f    291   1147   1140
f    239    929   1147
f   1140   1147    929
f    293   1145   1144
f    239   1147   1145
f    291   1144   1147
f   1145   1147   1144
f     72   1148   1150
f    294   1149   1148
f    295   1150   1149
f   1148   1149   1150
f     54   1146   1152
f    293   1151   1146
f    294   1152   1151
f   1146   1151   1152
f     71   1153   1143
f    295   1154   1153
f    293   1143   1154
f   1153   1154   1143
f    294   1151   1149
f    293   1154   1151
f    295   1149   1154
f   1151   1154   1149
f     72   1155   1148
f    296   1156   1155
f    294   1148   1156
f   1155   1156   1148
f     55    945   1158
f    242   1157    945
f    296   1158   1157
f    945   1157   1158
f     54   1152    941
f    294   1159   1152
f    242    941   1159
f   1152   1159    941
f    296   1157   1156
f    242   1159   1157
f    294   1156   1159
f   1157   1159   1156
f     73   1160   1162
f    297   1161   1160
f    298   1162   1161
f   1160   1161   1162
f     55   1158   1164
f    296   1163   1158
f    297   1164   1163
f   1158   1163   1164
f     72   1165   1155
f    298   1166   1165
f    296   1155   1166
f   1165   1166   1155
f    297   1163   1161
f    296   1166   1163
f    298   1161   1166
f   1163   1166   1161
f     73   1167   1160
f    299   1168   1167
f    297   1160   1168
f   1167   1168   1160
f     56    957   1170
f    245   1169    957
f    299   1170   1169
f    957   1169   1170
f     55   1164    953
f    297   1171   1164
f    245    953   1171
f   1164   1171    953
f    299   1169   1168
f    245   1171   1169
f    297   1168   1171
f   1169   1171   1168
f     74   1172   1174
f    300   1173   1172
f    301   1174   1173
f   1172   1173   1174
f     56   1170   1176
f    299   1175   1170
f    300   1176   1175
f   1170   1175   1176
f     73   1177   1167
f    301   1178   1177
f    299   1167   1178
f   1177   1178   1167
f    300   1175   1173
f    299   1178   1175
f    301   1173   1178
f   1175   1178   1173
f     74   1179   1172
f    302   1180   1179
f    300   1172   1180
f   1179   1180   1172
f     57    969   1182
f    248   1181    969
f    302   1182   1181
f    969   1181   1182
f     56   1176    965
f    300   1183   1176
f    248    965   1183
f   1176   1183    965
f    302   1181   1180
f    248   1183   1181
f    300   1180   1183
f   1181   1183   1180
f     74   1184   1179
f    303   1185   1184
f    302   1179   1185
f   1184   1185   1179
f     58    976   1187
f    250   1186    976
f    303   1187   1186
f    976   1186   1187
f     57   1182    972
f    302   1188   1182
f    250    972   1188
f   1182   1188    972
f    303   1186   1185
f    250   1188   1186
f    302   1185   1188
f   1186   1188   1185
f     75   1189   1191
f    304   1190   1189
f    305   1191   1190
f   1189   1190   1191
f     58   1187   1193
f    303   1192   1187
f    304   1193   1192
f   1187   1192   1193
f     74   1194   1184
f    305   1195   1194
f    303   1184   1195
f   1194   1195   1184
f    304   1192   1190
f    303   1195   1192
f    305   1190   1195
f   1192   1195   1190
f     75   1196   1189
f    306   1197   1196
f    304   1189   1197
f   1196   1197   1189
f     59    988   1199
f    253   1198    988
f    306   1199   1198
f    988   1198   1199
f     58   1193    984
f    304   1200   1193
f    253    984   1200
f   1193   1200    984
f    306   1198   1197
f    253   1200   1198
f    304   1197   1200
f   1198   1200   1197
f     76   1201   1203
f    307   1202   1201
f    308   1203   1202
f   1201   1202   1203
f     59   1199   1205
f    306   1204   1199
f    307   1205   1204
f   1199   1204   1205
f     75   1206   1196
f    308   1207   1206
f    306   1196   1207
f   1206   1207   1196
f    307   1204   1202
f    306   1207   1204
f    308   1202   1207
f   1204   1207   1202
f     76   1208   1201
f    309   1209   1208
f    307   1201   1209
f   1208   1209   1201
f     60   1000   1211
f    256   1210   1000
f    309   1211   1210
f   1000   1210   1211
f     59   1205    996
f    307   1212   1205
f    256    996   1212
f   1205   1212    996
f    309   1210   1209
f    256   1212   1210
f    307   1209   1212
f   1210   1212   1209
f     77   1213   1215
f    310   1214   1213
f    311   1215   1214
f   1213   1214   1215
f     60   1211   1217
f    309   1216   1211
f    310   1217   1216
f   1211   1216   1217
f     76   1218   1208
f    311   1219   1218
f    309   1208   1219
f   1218   1219   1208
f    310   1216   1214
f    309   1219   1216
f    311   1214   1219
f   1216   1219   1214
f     77   1220   1213
f    312   1221   1220
f    310   1213   1221
f   1220   1221   1213
f     61   1012   1223
f    259   1222   1012
f    312   1223   1222
f   1012   1222   1223
f     60   1217   1008
f    310   1224   1217
f    259   1008   1224
f   1217   1224   1008
f    312   1222   1221
f    259   1224   1222
f    310   1221   1224
f   1222   1224   1221
f     62   1225   1227
f    313   1226   1225
f    314   1227   1226
f   1225   1226   1227
f     61   1223   1229
f    312   1228   1223
f    313   1229   1228
f   1223   1228   1229
f     77   1230   1220
f    314   1231   1230
f    312   1220   1231
f   1230   1231   1220
f    313   1228   1226
f    312   1231   1228
f    314   1226   1231
f   1228   1231   1226
f     62   1025   1225
f    264   1232   1025
f    313   1225   1232
f   1025   1232   1225
f     42   1022   1028
f    262   1233   1022
f    264   1028   1233
f   1022   1233   1028
f     61   1229   1019
f    313   1234   1229
f    262   1019   1234
f   1229   1234   1019
f    264   1233   1232
f    262   1234   1233
f    313   1232   1234
f   1233   1234   1232
f     78   1235   1237
f    315   1236   1235
f    316   1237   1236
f   1235   1236   1237
f     63   1032   1239
f    266   1238   1032
f    315   1239   1238
f   1032   1238   1239
f     62   1240   1035
f    316   1241   1240
f    266   1035   1241
f   1240   1241   1035
f    315   1238   1236
f    266   1241   1238
f    316   1236   1241
f   1238   1241   1236
f     79   1242   1244
f    317   1243   1242
f    318   1244   1243
f   1242   1243   1244
f     63   1239   1246
f    315   1245   1239
f    317   1246   1245
f   1239   1245   1246
f     78   1247   1235
f    318   1248   1247
f    315   1235   1248
f   1247   1248   1235
f    317   1245   1243
f    315   1248   1245
f    318   1243   1248
f   1245   1248   1243
f     79   1249   1242
f    319   1250   1249
f    317   1242   1250
f   1249   1250   1242
f     64   1044   1252
f    269   1251   1044
f    319   1252   1251
f   1044   1251   1252
f     63   1246   1047
f    317   1253   1246
f    269   1047   1253
f   1246   1253   1047
f    319   1251   1250
f    269   1253   1251
f    317   1250   1253
f   1251   1253   1250
f     80   1254   1256
f    320   1255   1254
f    321   1256   1255
f   1254   1255   1256
f     64   1252   1258
f    319   1257   1252
f    320   1258   1257
f   1252   1257   1258
f     79   1259   1249
f    321   1260   1259
f    319   1249   1260
f   1259   1260   1249
f    320   1257   1255
f    319   1260   1257
f    321   1255   1260
f   1257   1260   1255
f     80   1261   1254
f    322   1262   1261
f    320   1254   1262
f   1261   1262   1254
f     65   1056   1264
f    272   1263   1056
f    322   1264   1263
f   1056   1263   1264
f     64   1258   1059
f    320   1265   1258
f    272   1059   1265
f   1258   1265   1059
f    322   1263   1262
f    272   1265   1263
f    320   1262   1265
f   1263   1265   1262
f     81   1266   1268
f    323   1267   1266
f    324   1268   1267
f   1266   1267   1268
f     65   1264   1270
f    322   1269   1264
f    323   1270   1269
f   1264   1269   1270
f     80   1271   1261
f    324   1272   1271
f    322   1261   1272
f   1271   1272   1261
f    323   1269   1267
f    322   1272   1269
f    324   1267   1272
f   1269   1272   1267
f     81   1273   1266
f    325   1274   1273
f    323   1266   1274
f   1273   1274   1266
f     66   1068   1276
f    275   1275   1068
f    325   1276   1275
f   1068   1275   1276
f     65   1270   1071
f    323   1277   1270
f    275   1071   1277
f   1270   1277   1071
f    325   1275   1274
f    275   1277   1275
f    323   1274   1277
f   1275   1277   1274
f     81   1278   1273
f    326   1279   1278
f    325   1273   1279
f   1278   1279   1273
f     67   1085   1281
f    279   1280   1085
f    326   1281   1280
f   1085   1280   1281
f     66   1276   1088
f    325   1282   1276
f    279   1088   1282
f   1276   1282   1088
f    326   1280   1279
f    279   1282   1280
f    325   1279   1282
f   1280   1282   1279
f     82   1283   1285
f    327   1284   1283
f    328   1285   1284
f   1283   1284   1285
f     67   1281   1287
f    326   1286   1281
f    327   1287   1286
f   1281   1286   1287
f     81   1288   1278
f    328   1289   1288
f    326   1278   1289
f   1288   1289   1278
f    327   1286   1284
f    326   1289   1286
f    328   1284   1289
f   1286   1289   1284
f     82   1290   1283
f    329   1291   1290
f    327   1283   1291
f   1290   1291   1283
f     68   1097   1293
f    282   1292   1097
f    329   1293   1292
f   1097   1292   1293
f     67   1287   1100
f    327   1294   1287
f    282   1100   1294
f   1287   1294   1100
f    329   1292   1291
f    282   1294   1292
f    327   1291   1294
f   1292   1294   1291
f     83   1295   1297
f    330   1296   1295
f    331   1297   1296
f   1295   1296   1297
f     68   1293   1299
f    329   1298   1293
f    330   1299   1298
f   1293   1298   1299
f     82   1300   1290
f    331   1301   1300
f    329   1290   1301
f   1300   1301   1290
f    330   1298   1296
f    329   1301   1298
f    331   1296   1301
f   1298   1301   1296
f     83   1302   1295
f    332   1303   1302
f    330   1295   1303
f   1302   1303   1295
f     69   1109   1305
f    285   1304   1109
f    332   1305   1304
f   1109   1304   1305
f     68   1299   1112
f    330   1306   1299
f    285   1112   1306
f   1299   1306   1112
f    332   1304   1303
f    285   1306   1304
f    330   1303   1306
f   1304   1306   1303
f     84   1307   1309
f    333   1308   1307
f    334   1309   1308
f   1307   1308   1309
f     69   1305   1311
f    332   1310   1305
f    333   1311   1310
f   1305   1310   1311
f     83   1312   1302
f    334   1313   1312
f    332   1302   1313
f   1312   1313   1302
f    333   1310   1308
f    332   1313   1310
f    334   1308   1313
f   1310   1313   1308
f     84   1314   1307
f    335   1315   1314
f    333   1307   1315
f   1314   1315   1307
f     70   1121   1317
f    288   1316   1121
f    335   1317   1316
f   1121   1316   1317
f     69   1311   1124
f    333   1318   1311
f    288   1124   1318
f   1311   1318   1124
f    335   1316   1315
f    288   1318   1316
f    333   1315   1318
f   1316   1318   1315
f     84   1319   1314
f    336   1320   1319
f    335   1314   1320
f   1319   1320   1314
f     71   1138   1322
f    292   1321   1138
f    336   1322   1321
f   1138   1321   1322
f     70   1317   1141
f    335   1323   1317
f    292   1141   1323
f   1317   1323   1141
f    336   1321   1320
f    292   1323   1321
f    335   1320   1323
f   1321   1323   1320
f     85   1324   1326
f    337   1325   1324
f    338   1326   1325
f   1324   1325   1326
f     71   1322   1328
f    336   1327   1322
f    337   1328   1327
f   1322   1327   1328
f     84   1329   1319
f    338   1330   1329
f    336   1319   1330
f   1329   1330   1319
f    337   1327   1325
f    336   1330   1327
f    338   1325   1330
f   1327   1330   1325
f     85   1331   1324
f    339   1332   1331
f    337   1324   1332
f   1331   1332   1324
f     72   1150   1334
f    295   1333   1150
f    339   1334   1333
f   1150   1333   1334
f     71   1328   1153
f    337   1335   1328
f    295   1153   1335
f   1328   1335   1153
f    339   1333   1332
f    295   1335   1333
f    337   1332   1335
f   1333   1335   1332
f     86   1336   1338
f    340   1337   1336
f    341   1338   1337
f   1336   1337   1338
f     72   1334   1340
f    339   1339   1334
f    340   1340   1339
f   1334   1339   1340
f     85   1341   1331
f    341   1342   1341
f    339   1331   1342
f   1341   1342   1331
f    340   1339   1337
f    339   1342   1339
f    341   1337   1342
f   1339   1342   1337
f     86   1343   1336
f    342   1344   1343
f    340   1336   1344
f   1343   1344   1336
f     73   1162   1346
f    298   1345   1162
f    342   1346   1345
f   1162   1345   1346
f     72   1340   1165
f    340   1347   1340
f    298   1165   1347
f   1340   1347   1165
f    342   1345   1344
f    298   1347   1345
f    340   1344   1347
f   1345   1347   1344
f     87   1348   1350
f    343   1349   1348
f    344   1350   1349
f   1348   1349   1350
f     73   1346   1352
f    342   1351   1346
f    343   1352   1351
f   1346   1351   1352
f     86   1353   1343
f    344   1354   1353
f    342   1343   1354
f   1353   1354   1343
f    343   1351   1349
f    342   1354   1351
f    344   1349   1354
f   1351   1354   1349
f     87   1355   1348
f    345   1356   1355
f    343   1348   1356
f   1355   1356   1348
f     74   1174   1358
f    301   1357   1174
f    345   1358   1357
f   1174   1357   1358
f     73   1352   1177
f    343   1359   1352
f    301   1177   1359
f   1352   1359   1177
f    345   1357   1356
f    301   1359   1357
f    343   1356   1359
f   1357   1359   1356
f     87   1360   1355
f    346   1361   1360
f    345   1355   1361
f   1360   1361   1355
f     75   1191   1363
f    305   1362   1191
f    346   1363   1362
f   1191   1362   1363
f     74   1358   1194
f    345   1364   1358
f    305   1194   1364
f   1358   1364   1194
f    346   1362   1361
f    305   1364   1362
f    345   1361   1364
f   1362   1364   1361
f     88   1365   1367
f    347   1366   1365
f    348   1367   1366
f   1365   1366   1367
f     75   1363   1369
f    346   1368   1363
f    347   1369   1368
f   1363   1368   1369
f     87   1370   1360
f    348   1371   1370
f    346   1360   1371
f   1370   1371   1360
f    347   1368   1366
f    346   1371   1368
f    348   1366   1371
f   1368   1371   1366
f     88   1372   1365
f    349   1373   1372
f    347   1365   1373
f   1372   1373   1365
f     76   1203   1375
f    308   1374   1203
f    349   1375   1374
f   1203   1374   1375
f     75   1369   1206
f    347   1376   1369
f    308   1206   1376
f   1369   1376   1206
f    349   1374   1373
f    308   1376   1374
f    347   1373   1376
f   1374   1376   1373
f     89   1377   1379
f    350   1378   1377
f    351   1379   1378
f   1377   1378   1379
f     76   1375   1381
f    349   1380   1375
f    350   1381   1380
f   1375   1380   1381
f     88   1382   1372
f    351   1383   1382
f    349   1372   1383
f   1382   1383   1372
f    350   1380   1378
f    349   1383   1380
f    351   1378   1383
f   1380   1383   1378
f     89   1384   1377
f    352   1385   1384
f    350   1377   1385
f   1384   1385   1377
f     77   1215   1387
f    311   1386   1215
f    352   1387   1386
f   1215   1386   1387
f     76   1381   1218
f    350   1388   1381
f    311   1218   1388
f   1381   1388   1218
f    352   1386   1385
f    311   1388   1386
f    350   1385   1388
f   1386   1388   1385
f     78   1389   1391
f    353   1390   1389
f    354   1391   1390
f   1389   1390   1391
f     77   1387   1393
f    352   1392   1387
f    353   1393   1392
f   1387   1392   1393
f     89   1394   1384
f    354   1395   1394
f    352   1384   1395
f   1394   1395   1384
f    353   1392   1390
f    352   1395   1392
f    354   1390   1395
f   1392   1395   1390
f     78   1237   1389
f    316   1396   1237
f    353   1389   1396
f   1237   1396   1389
f     62   1227   1240
f    314   1397   1227
f    316   1240   1397
f   1227   1397   1240
f     77   1393   1230
f    353   1398   1393
f    314   1230   1398
f   1393   1398   1230
f    316   1397   1396
f    314   1398   1397
f    353   1396   1398
f   1397   1398   1396
f     90   1399   1401
f    355   1400   1399
f    356   1401   1400
f   1399   1400   1401
f     79   1244   1403
f    318   1402   1244
f    355   1403   1402
f   1244   1402   1403
f     78   1404   1247
f    356   1405   1404
f    318   1247   1405
f   1404   1405   1247
f    355   1402   1400
f    318   1405   1402
f    356   1400   1405
f   1402   1405   1400
f     91   1406   1408
f    357   1407   1406
f    358   1408   1407
f   1406   1407   1408
f     79   1403   1410
f    355   1409   1403
f    357   1410   1409
f   1403   1409   1410
f     90   1411   1399
f    358   1412   1411
f    355   1399   1412
f   1411   1412   1399
f    357   1409   1407
f    355   1412   1409
f    358   1407   1412
f   1409   1412   1407
f     91   1413   1406
f    359   1414   1413
f    357   1406   1414
f   1413   1414   1406
f     80   1256   1416
f    321   1415   1256
f    359   1416   1415
f   1256   1415   1416
f     79   1410   1259
f    357   1417   1410
f    321   1259   1417
f   1410   1417   1259
f    359   1415   1414
f    321   1417   1415
f    357   1414   1417
f   1415   1417   1414
f     92   1418   1420
f    360   1419   1418
f    361   1420   1419
f   1418   1419   1420
f     80   1416   1422
f    359   1421   1416
f    360   1422   1421
f   1416   1421   1422
f     91   1423   1413
f    361   1424   1423
f    359   1413   1424
f   1423   1424   1413
f    360   1421   1419
f    359   1424   1421
f    361   1419   1424
f   1421   1424   1419
f     92   1425   1418
f    362   1426   1425
f    360   1418   1426
f   1425   1426   1418
f     81   1268   1428
f    324   1427   1268
f    362   1428   1427
f   1268   1427   1428
f     80   1422   1271
f    360   1429   1422
f    324   1271   1429
f   1422   1429   1271
f    362   1427   1426
f    324   1429   1427
f    360   1426   1429
f   1427   1429   1426
f     92   1430   1425
f    363   1431   1430
f    362   1425   1431
f   1430   1431   1425
f     82   1285   1433
f    328   1432   1285
f    363   1433   1432
f   1285   1432   1433
f     81   1428   1288
f    362   1434   1428
f    328   1288   1434
f   1428   1434   1288
f    363   1432   1431
f    328   1434   1432
f    362   1431   1434
f   1432   1434   1431
f     93   1435   1437
f    364   1436   1435
f    365   1437   1436
f   1435   1436   1437
f     82   1433   1439
f    363   1438   1433
f    364   1439   1438
f   1433   1438   1439
f     92   1440   1430
f    365   1441   1440
f    363   1430   1441
f   1440   1441   1430
f    364   1438   1436
f    363   1441   1438
f    365   1436   1441
f   1438   1441   1436
f     93   1442   1435
f    366   1443   1442
f    364   1435   1443
f   1442   1443   1435
f     83   1297   1445
f    331   1444   1297
f    366   1445   1444
f   1297   1444   1445
f     82   1439   1300
f    364   1446   1439
f    331   1300   1446
f   1439   1446   1300
f    366   1444   1443
f    331   1446   1444
f    364   1443   1446
f   1444   1446   1443
f     94   1447   1449
f    367   1448   1447
f    368   1449   1448
f   1447   1448   1449
f     83   1445   1451
f    366   1450   1445
f    367   1451   1450
f   1445   1450   1451
f     93   1452   1442
f    368   1453   1452
f    366   1442   1453
f   1452   1453   1442
f    367   1450   1448
f    366   1453   1450
f    368   1448   1453
f   1450   1453   1448
f     94   1454   1447
f    369   1455   1454
f    367   1447   1455
f   1454   1455   1447
f     84   1309   1457
f    334   1456   1309
f    369   1457   1456
f   1309   1456   1457
f     83   1451   1312
f    367   1458   1451
f    334   1312   1458
f   1451   1458   1312
f    369   1456   1455
f    334   1458   1456
f    367   1455   1458
f   1456   1458   1455
f     94   1459   1454
f    370   1460   1459
f    369   1454   1460
f   1459   1460   1454
f     85   1326   1462
f    338   1461   1326
f    370   1462   1461
f   1326   1461   1462
f     84   1457   1329
f    369   1463   1457
f    338   1329   1463
f   1457   1463   1329
f    370   1461   1460
f    338   1463   1461
f    369   1460   1463
f   1461   1463   1460
f     95   1464   1466
f    371   1465   1464
f    372   1466   1465
f   1464   1465   1466
f     85   1462   1468
f    370   1467   1462
f    371   1468   1467
f   1462   1467   1468
f     94   1469   1459
f    372   1470   1469
f    370   1459   1470
f   1469   1470   1459
f    371   1467   1465
f    370   1470   1467
f    372   1465   1470
f   1467   1470   1465
f     95   1471   1464
f    373   1472   1471
f    371   1464   1472
f   1471   1472   1464
f     86   1338   1474
f    341   1473   1338
f    373   1474   1473
f   1338   1473   1474
f     85   1468   1341
f    371   1475   1468
f    341   1341   1475
f   1468   1475   1341
f    373   1473   1472
f    341   1475   1473
f    371   1472   1475
f   1473   1475   1472
f     96   1476   1478
f    374   1477   1476
f    375   1478   1477
f   1476   1477   1478
f     86   1474   1480
f    373   1479   1474
f    374   1480   1479
f   1474   1479   1480
f     95   1481   1471
f    375   1482   1481
f    373   1471   1482
f   1481   1482   1471
f    374   1479   1477
f    373   1482   1479
f    375   1477   1482
f   1479   1482   1477
f     96   1483   1476
f    376   1484   1483
f    374   1476   1484
f   1483   1484   1476
f     87   1350   1486
f    344   1485   1350
f    376   1486   1485
f   1350   1485   1486
f     86   1480   1353
f    374   1487   1480
f    344   1353   1487
f   1480   1487   1353
f    376   1485   1484
f    344   1487   1485
f    374   1484   1487
f   1485   1487   1484
f     96   1488   1483
f    377   1489   1488
f    376   1483   1489
f   1488   1489   1483
f     88   1367   1491
f    348   1490   1367
f    377   1491   1490
f   1367   1490   1491
f     87   1486   1370
f    376   1492   1486
f    348   1370   1492
f   1486   1492   1370
f    377   1490   1489
f    348   1492   1490
f    376   1489   1492
f   1490   1492   1489
f     97   1493   1495
f    378   1494   1493
f    379   1495   1494
f   1493   1494   1495
f     88   1491   1497
f    377   1496   1491
f    378   1497   1496
f   1491   1496   1497
f     96   1498   1488
f    379   1499   1498
f    377   1488   1499
f   1498   1499   1488
f    378   1496   1494
f    377   1499   1496
f    379   1494   1499
f   1496   1499   1494
f     97   1500   1493
f    380   1501   1500
f    378   1493   1501
f   1500   1501   1493
f     89   1379   1503
f    351   1502   1379
f    380   1503   1502
f   1379   1502   1503
f     88   1497   1382
f    378   1504   1497
f    351   1382   1504
f   1497   1504   1382
f    380   1502   1501
f    351   1504   1502
f    378   1501   1504
f   1502   1504   1501
f     90   1505   1507
f    381   1506   1505
f    382   1507   1506
f   1505   1506   1507
f     89   1503   1509
f    380   1508   1503
f    381   1509   1508
f   1503   1508   1509
f     97   1510   1500
f    382   1511   1510
f    380   1500   1511
f   1510   1511   1500
f    381   1508   1506
f    380   1511   1508
f    382   1506   1511
f   1508   1511   1506
f     90   1401   1505
f    356   1512   1401
f    381   1505   1512
f   1401   1512   1505
f     78   1391   1404
f    354   1513   1391
f    356   1404   1513
f   1391   1513   1404
f     89   1509   1394
f    381   1514   1509
f    354   1394   1514
f   1509   1514   1394
f    356   1513   1512
f    354   1514   1513
f    381   1512   1514
f   1513   1514   1512
f     98   1515   1517
f    383   1516   1515
f    384   1517   1516
f   1515   1516   1517
f     91   1408   1519
f    358   1518   1408
f    383   1519   1518
f   1408   1518   1519
f     90   1520   1411
f    384   1521   1520
f    358   1411   1521
f   1520   1521   1411
f    383   1518   1516
f    358   1521   1518
f    384   1516   1521
f   1518   1521   1516
f     99   1522   1524
f    385   1523   1522
f    386   1524   1523
f   1522   1523   1524
f     91   1519   1526
f    383   1525   1519
f    385   1526   1525
f   1519   1525   1526
f     98   1527   1515
f    386   1528   1527
f    383   1515   1528
f   1527   1528   1515
f    385   1525   1523
f    383   1528   1525
f    386   1523   1528
f   1525   1528   1523
f     99   1529   1522
f    387   1530   1529
f    385   1522   1530
f   1529   1530   1522
f     92   1420   1532
f    361   1531   1420
f    387   1532   1531
f   1420   1531   1532
f     91   1526   1423
f    385   1533   1526
f    361   1423   1533
f   1526   1533   1423
f    387   1531   1530
f    361   1533   1531
f    385   1530   1533
f   1531   1533   1530
f     99   1534   1529
f    388   1535   1534
f    387   1529   1535
f   1534   1535   1529
f     93   1437   1537
f    365   1536   1437
f    388   1537   1536
f   1437   1536   1537
f     92   1532   1440
f    387   1538   1532
f    365   1440   1538
f   1532   1538   1440
f    388   1536   1535
f    365   1538   1536
f    387   1535   1538
f   1536   1538   1535
f    100   1539   1541
f    389   1540   1539
f    390   1541   1540
f   1539   1540   1541
f     93   1537   1543
f    388   1542   1537
f    389   1543   1542
f   1537   1542   1543
f     99   1544   1534
f    390   1545   1544
f    388   1534   1545
f   1544   1545   1534
f    389   1542   1540
f    388   1545   1542
f    390   1540   1545
f   1542   1545   1540
f    100   1546   1539
f    391   1547   1546
f    389   1539   1547
f   1546   1547   1539
f     94   1449   1549
f    368   1548   1449
f    391   1549   1548
f   1449   1548   1549
f     93   1543   1452
f    389   1550   1543
f    368   1452   1550
f   1543   1550   1452
f    391   1548   1547
f    368   1550   1548
f    389   1547   1550
f   1548   1550   1547
f    100   1551   1546
f    392   1552   1551
f    391   1546   1552
f   1551   1552   1546
f     95   1466   1554
f    372   1553   1466
f    392   1554   1553
f   1466   1553   1554
f     94   1549   1469
f    391   1555   1549
f    372   1469   1555
f   1549   1555   1469
f    392   1553   1552
f    372   1555   1553
f    391   1552   1555
f   1553   1555   1552
f    101   1556   1558
f    393   1557   1556
f    394   1558   1557
f   1556   1557   1558
f     95   1554   1560
f    392   1559   1554
f    393   1560   1559
f   1554   1559   1560
f    100   1561   1551
f    394   1562   1561
f    392   1551   1562
f   1561   1562   1551
f    393   1559   1557
f    392   1562   1559
f    394   1557   1562
f   1559   1562   1557
f    101   1563   1556
f    395   1564   1563
f    393   1556   1564
f   1563   1564   1556
f     96   1478   1566
f    375   1565   1478
f    395   1566   1565
f   1478   1565   1566
f     95   1560   1481
f    393   1567   1560
f    375   1481   1567
f   1560   1567   1481
f    395   1565   1564
f    375   1567   1565
f    393   1564   1567
f   1565   1567   1564
f    101   1568   1563
f    396   1569   1568
f    395   1563   1569
f   1568   1569   1563
f     97   1495   1571
f    379   1570   1495
f    396   1571   1570
f   1495   1570   1571
f     96   1566   1498
f    395   1572   1566
f    379   1498   1572
f   1566   1572   1498
f    396   1570   1569
f    379   1572   1570
f    395   1569   1572
f   1570   1572   1569
f     98   1573   1575
f    397   1574   1573
f    398   1575   1574
f   1573   1574   1575
f     97   1571   1577
f    396   1576   1571
f    397   1577   1576
f   1571   1576   1577
f    101   1578   1568
f    398   1579   1578
f    396   1568   1579
f   1578   1579   1568
f    397   1576   1574
f    396   1579   1576
f    398   1574   1579
f   1576   1579   1574
f     98   1517   1573
f    384   1580   1517
f    397   1573   1580
f   1517   1580   1573
f     90   1507   1520
f    382   1581   1507
f    384   1520   1581
f   1507   1581   1520
f     97   1577   1510
f    397   1582   1577
f    382   1510   1582
f   1577   1582   1510
f    384   1581   1580
f    382   1582   1581
f    397   1580   1582
f   1581   1582   1580
f    102   1583   1585
f    399   1584   1583
f    400   1585   1584
f   1583   1584   1585
f     99   1524   1587
f    386   1586   1524
f    399   1587   1586
f   1524   1586   1587
f     98   1588   1527
f    400   1589   1588
f    386   1527   1589
f   1588   1589   1527
f    399   1586   1584
f    386   1589   1586
f    400   1584   1589
f   1586   1589   1584
f    102   1590   1583
f    401   1591   1590
f    399   1583   1591
f   1590   1591   1583
f    100   1541   1593
f    390   1592   1541
f    401   1593   1592
f   1541   1592   1593
f     99   1587   1544
f    399   1594   1587
f    390   1544   1594
f   1587   1594   1544
f    401   1592   1591
f    390   1594   1592
f    399   1591   1594
f   1592   1594   1591
f    102   1595   1590
f    402   1596   1595
f    401   1590   1596
f   1595   1596   1590
f    101   1558   1598
f    394   1597   1558
f    402   1598   1597
f   1558   1597   1598
f    100   1593   1561
f    401   1599   1593
f    394   1561   1599
f   1593   1599   1561
f    402   1597   1596
f    394   1599   1597
f    401   1596   1599
f   1597   1599   1596
f    102   1585   1595
f    400   1600   1585
f    402   1595   1600
f   1585   1600   1595
f     98   1575   1588
f    398   1601   1575
f    400   1588   1601
f   1575   1601   1588
f    101   1598   1578
f    402   1602   1598
f    398   1578   1602
f   1598   1602   1578
f    400   1601   1600
f    398   1602   1601
f    402   1600   1602
f   1601   1602   1600
